origin,destination,count
ABE,ATL,958
ABE,BNA,67
ABE,CLT,1041
ABE,DTW,1003
ABE,FLL,55
ABE,MYR,103
ABE,ORD,858
ABE,PGD,180
ABE,PIE,186
ABE,SAV,51
ABE,SFB,512
ABI,DFW,2272
ABQ,ATL,878
ABQ,AUS,378
ABQ,BWI,509
ABQ,DAL,1707
ABQ,DEN,2482
ABQ,DFW,2751
ABQ,HOU,1049
ABQ,IAH,1449
ABQ,JFK,299
ABQ,LAS,1388
ABQ,LAX,909
ABQ,MCI,343
ABQ,MCO,60
ABQ,MDW,612
ABQ,MSP,213
ABQ,OAK,846
ABQ,ORD,1064
ABQ,PDX,246
ABQ,PHX,3507
ABQ,SAN,968
ABQ,SAT,4
ABQ,SEA,553
ABQ,SFO,903
ABQ,SJC,172
ABQ,SLC,441
ABR,MSP,750
ABY,ATL,1005
ACK,BOS,186
ACK,CLT,13
ACK,DCA,185
ACK,HPN,82
ACK,JFK,475
ACK,LGA,254
ACT,DFW,1800
ACV,DEN,208
ACV,LAX,577
ACV,SFO,1228
ACY,ATL,176
ACY,FLL,805
ACY,MCO,727
ACY,MYR,358
ACY,PBI,168
ACY,RSW,516
ACY,TPA,364
ADK,ANC,104
ADQ,ANC,641
AEX,ATL,1340
AEX,DFW,1063
AEX,IAH,868
AGS,ATL,2857
AGS,CLT,1554
AGS,DCA,14
AGS,DFW,309
AGS,LGA,16
AGS,MIA,8
AGS,ORD,8
AGS,PHL,2
AKN,ANC,61
ALB,ATL,1106
ALB,BWI,1803
ALB,CLT,1069
ALB,DCA,1099
ALB,DEN,229
ALB,DTW,1046
ALB,EWR,127
ALB,FLL,537
ALB,IAD,127
ALB,MCO,1147
ALB,MDW,712
ALB,MSP,263
ALB,MYR,43
ALB,ORD,2083
ALB,PGD,180
ALB,PHL,90
ALB,PIE,163
ALB,RDU,84
ALB,RSW,97
ALB,SAV,52
ALB,SFB,161
ALB,TPA,350
ALO,ORD,700
AMA,DAL,1351
AMA,DEN,10
AMA,DFW,2382
AMA,HOU,13
AMA,IAH,967
AMA,LAS,365
AMA,PHX,122
ANC,ADK,104
ANC,ADQ,641
ANC,AKN,61
ANC,ATL,112
ANC,BET,827
ANC,BLI,31
ANC,BRW,1
ANC,CDV,361
ANC,DEN,504
ANC,DFW,139
ANC,DLG,82
ANC,EWR,81
ANC,FAI,2208
ANC,HNL,365
ANC,IAH,89
ANC,JNU,1365
ANC,KOA,86
ANC,LAX,465
ANC,MSP,527
ANC,OGG,100
ANC,OME,415
ANC,ORD,576
ANC,OTZ,667
ANC,PDX,1103
ANC,PHX,200
ANC,SCC,727
ANC,SEA,6989
ANC,SFO,90
ANC,SLC,72
APN,DTW,365
APN,PLN,260
ART,PHL,245
ASE,ATL,101
ASE,DEN,2333
ASE,DFW,773
ASE,IAH,486
ASE,LAX,924
ASE,MSP,24
ASE,ORD,855
ASE,PHX,156
ASE,SFO,319
ASE,SLC,618
ATL,ABE,958
ATL,ABQ,878
ATL,ABY,1005
ATL,ACY,176
ATL,AEX,1340
ATL,AGS,2858
ATL,ALB,1106
ATL,ANC,112
ATL,ASE,101
ATL,ATW,684
ATL,AUS,3978
ATL,AVL,2489
ATL,AVP,354
ATL,BDL,2339
ATL,BHM,3400
ATL,BMI,1008
ATL,BNA,5029
ATL,BOS,6325
ATL,BQK,1037
ATL,BTR,2278
ATL,BTV,427
ATL,BUF,1656
ATL,BUR,312
ATL,BWI,6861
ATL,BZN,120
ATL,CAE,2869
ATL,CAK,1031
ATL,CHA,3413
ATL,CHO,1676
ATL,CHS,3606
ATL,CID,927
ATL,CLE,3641
ATL,CLT,6325
ATL,CMH,3690
ATL,COS,425
ATL,CRW,1596
ATL,CSG,1274
ATL,CVG,2787
ATL,DAB,1718
ATL,DAL,3496
ATL,DAY,1380
ATL,DCA,7109
ATL,DEN,6007
ATL,DFW,6840
ATL,DHN,1375
ATL,DSM,1062
ATL,DTW,5169
ATL,EGE,102
ATL,ELM,12
ATL,ELP,873
ATL,EVV,1228
ATL,EWN,713
ATL,EWR,6548
ATL,EYW,1745
ATL,FAR,23
ATL,FAY,1697
ATL,FCA,13
ATL,FLL,8682
ATL,FNT,1035
ATL,FSD,326
ATL,FSM,670
ATL,FWA,1405
ATL,GNV,2562
ATL,GPT,1704
ATL,GRB,535
ATL,GRR,1690
ATL,GSO,2828
ATL,GSP,3762
ATL,GTR,1184
ATL,HDN,101
ATL,HHH,666
ATL,HNL,355
ATL,HOU,4139
ATL,HPN,2182
ATL,HSV,2582
ATL,IAD,4413
ATL,IAH,5316
ATL,ICT,1030
ATL,ILM,1814
ATL,IND,4221
ATL,ISP,134
ATL,JAC,111
ATL,JAN,2249
ATL,JAX,5213
ATL,JFK,3493
ATL,LAS,4739
ATL,LAX,6437
ATL,LEX,2617
ATL,LFT,1406
ATL,LGA,9515
ATL,LIT,2235
ATL,LNK,274
ATL,MCI,3967
ATL,MCO,9335
ATL,MDT,1019
ATL,MDW,4267
ATL,MEM,3597
ATL,MGM,2281
ATL,MHT,267
ATL,MIA,7006
ATL,MKE,3174
ATL,MLB,1437
ATL,MLI,1046
ATL,MLU,1329
ATL,MOB,2388
ATL,MSN,1184
ATL,MSO,13
ATL,MSP,4622
ATL,MSY,5356
ATL,MTJ,38
ATL,MYR,1355
ATL,OAJ,1302
ATL,OAK,481
ATL,OKC,1991
ATL,OMA,1714
ATL,ONT,378
ATL,ORD,7741
ATL,ORF,2936
ATL,PBI,4099
ATL,PDX,1284
ATL,PHF,1054
ATL,PHL,6441
ATL,PHX,3542
ATL,PIA,1032
ATL,PIT,3500
ATL,PNS,2802
ATL,PSP,22
ATL,PVD,1017
ATL,PWM,655
ATL,RAP,13
ATL,RDU,5298
ATL,RIC,4256
ATL,RNO,25
ATL,ROA,1725
ATL,ROC,1027
ATL,RST,531
ATL,RSW,3579
ATL,SAN,2353
ATL,SAT,3295
ATL,SAV,3374
ATL,SBN,1412
ATL,SDF,2800
ATL,SEA,3233
ATL,SFO,3404
ATL,SGF,1471
ATL,SHV,2146
ATL,SJC,990
ATL,SJU,1446
ATL,SLC,3099
ATL,SMF,995
ATL,SNA,1120
ATL,SRQ,2327
ATL,STL,4103
ATL,STT,457
ATL,STX,74
ATL,SYR,1038
ATL,TLH,2492
ATL,TPA,7210
ATL,TRI,2104
ATL,TTN,314
ATL,TUL,1628
ATL,TUS,684
ATL,TVC,50
ATL,TYS,3037
ATL,VLD,1035
ATL,VPS,2353
ATL,XNA,1948
ATW,ATL,684
ATW,DTW,880
ATW,LAS,104
ATW,MSP,1272
ATW,ORD,1001
ATW,PGD,46
ATW,PIE,100
ATW,SFB,137
ATY,DEN,250
ATY,ORD,122
ATY,PIR,151
AUS,ABQ,382
AUS,ATL,3965
AUS,BNA,998
AUS,BOS,1101
AUS,BTR,1
AUS,BWI,1229
AUS,CLE,71
AUS,CLT,1739
AUS,CMH,1
AUS,CVG,308
AUS,DAL,3305
AUS,DCA,365
AUS,DEN,4103
AUS,DFW,3834
AUS,DTW,1489
AUS,ELP,918
AUS,EWR,1727
AUS,FLL,1146
AUS,HOU,1877
AUS,HRL,321
AUS,IAD,1316
AUS,IAH,3180
AUS,IND,129
AUS,JFK,2163
AUS,LAS,2127
AUS,LAX,4024
AUS,LBB,336
AUS,LGB,365
AUS,MCI,350
AUS,MCO,1635
AUS,MDW,1182
AUS,MEM,54
AUS,MIA,1037
AUS,MSP,1028
AUS,MSY,1383
AUS,OAK,396
AUS,ONT,93
AUS,ORD,3047
AUS,PDX,356
AUS,PHL,933
AUS,PHX,2858
AUS,PIT,46
AUS,PNS,8
AUS,RDU,208
AUS,SAN,1514
AUS,SEA,1120
AUS,SFB,67
AUS,SFO,2478
AUS,SJC,1558
AUS,SLC,1158
AUS,SMF,324
AUS,SNA,181
AUS,STL,686
AUS,TPA,526
AUS,VPS,30
AVL,ATL,2489
AVL,BWI,101
AVL,CLT,2511
AVL,DEN,106
AVL,DFW,255
AVL,DTW,23
AVL,EWR,249
AVL,FLL,1006
AVL,IAD,1
AVL,LGA,87
AVL,MCO,213
AVL,ORD,1146
AVL,PBI,11
AVL,PGD,178
AVL,PHL,13
AVL,PIE,476
AVL,SFB,473
AVL,SRQ,90
AVL,TPA,121
AVP,ATL,354
AVP,CLT,1348
AVP,DTW,908
AVP,IAD,2
AVP,ORD,968
AZO,DTW,783
AZO,MSP,496
AZO,ORD,961
BDL,ATL,2339
BDL,BWI,1996
BDL,CLE,283
BDL,CLT,2206
BDL,CVG,145
BDL,DCA,2384
BDL,DEN,783
BDL,DFW,540
BDL,DTW,1476
BDL,FLL,1459
BDL,IAD,1401
BDL,IAH,357
BDL,LAX,254
BDL,MCO,2685
BDL,MDW,890
BDL,MIA,389
BDL,MSP,1291
BDL,MYR,260
BDL,ORD,2605
BDL,PBI,430
BDL,PHL,1262
BDL,RDU,353
BDL,RSW,625
BDL,SJU,659
BDL,STL,361
BDL,TPA,1267
BET,ANC,827
BFF,DEN,625
BFL,DEN,717
BFL,DFW,315
BFL,PHX,1073
BFL,SFO,364
BFM,DEN,101
BFM,ORD,57
BGM,DTW,958
BGR,CLT,202
BGR,DCA,952
BGR,DTW,10
BGR,EWR,451
BGR,LGA,1323
BGR,ORD,258
BGR,PHL,177
BGR,PIE,177
BGR,SFB,223
BHM,ATL,3399
BHM,BWI,439
BHM,CAE,1
BHM,CLL,2
BHM,CLT,2043
BHM,DAL,743
BHM,DCA,986
BHM,DEN,606
BHM,DFW,2100
BHM,DTW,704
BHM,FLL,9
BHM,HOU,636
BHM,IAH,1729
BHM,LAS,171
BHM,LGA,813
BHM,MCO,779
BHM,MDW,664
BHM,MIA,732
BHM,ORD,1504
BHM,PHL,818
BHM,SFO,2
BHM,SJC,1
BHM,TPA,594
BIL,DEN,1367
BIL,DFW,364
BIL,LAS,122
BIL,LAX,20
BIL,MSP,876
BIL,ORD,74
BIL,SLC,1082
BIS,DEN,875
BIS,DFW,648
BIS,LAS,151
BIS,MSP,2079
BIS,ORD,209
BIS,SFB,69
BJI,MSP,742
BLI,ANC,31
BLI,KOA,16
BLI,LAS,756
BLI,LAX,155
BLI,OAK,216
BLI,OGG,56
BLI,PSP,182
BLI,SAN,75
BLI,SEA,137
BLI,TUS,57
BLV,FLL,45
BLV,JAX,63
BLV,LAS,65
BLV,MYR,22
BLV,PGD,151
BLV,PIE,172
BLV,SFB,153
BLV,SRQ,14
BLV,VPS,296
BMI,ATL,1008
BMI,DEN,84
BMI,DFW,673
BMI,MCO,145
BMI,ORD,934
BMI,PIE,104
BMI,SFB,130
BNA,ABE,67
BNA,ATL,5023
BNA,AUS,1006
BNA,BOS,2935
BNA,BUF,23
BNA,BUR,69
BNA,BWI,2156
BNA,CHS,486
BNA,CID,58
BNA,CLE,913
BNA,CLT,3473
BNA,CMH,725
BNA,DAL,1789
BNA,DCA,3274
BNA,DEN,3442
BNA,DFW,2739
BNA,DTW,2721
BNA,EWR,2630
BNA,FLL,1908
BNA,GRR,64
BNA,HOU,1462
BNA,IAD,1063
BNA,IAH,2018
BNA,JAX,988
BNA,JFK,1671
BNA,LAS,1316
BNA,LAX,2276
BNA,LGA,4678
BNA,MCI,1166
BNA,MCO,2135
BNA,MDT,60
BNA,MDW,2324
BNA,MIA,1014
BNA,MKE,673
BNA,MSN,1
BNA,MSP,1974
BNA,MSY,1427
BNA,OAK,375
BNA,OKC,53
BNA,OMA,26
BNA,ORD,5284
BNA,ORF,55
BNA,PGD,123
BNA,PHL,2809
BNA,PHX,1289
BNA,PIE,104
BNA,PIT,729
BNA,PNS,735
BNA,RDU,1192
BNA,RIC,105
BNA,RSW,122
BNA,SAN,690
BNA,SAT,691
BNA,SAV,26
BNA,SEA,980
BNA,SFB,67
BNA,SFO,968
BNA,SJC,180
BNA,SLC,483
BNA,SMF,30
BNA,SRQ,78
BNA,STL,1065
BNA,SYR,99
BNA,TPA,1614
BNA,TTN,104
BNA,XNA,20
BOI,DAL,8
BOI,DEN,2333
BOI,DFW,767
BOI,GEG,552
BOI,IAH,365
BOI,LAS,832
BOI,LAX,1285
BOI,LWS,1
BOI,MDW,7
BOI,MSP,733
BOI,OAK,724
BOI,ORD,989
BOI,PDX,887
BOI,PHX,1108
BOI,SAN,725
BOI,SEA,2619
BOI,SFO,1837
BOI,SJC,852
BOI,SLC,1988
BOI,SMF,411
BOS,ACK,186
BOS,ATL,6340
BOS,AUS,1097
BOS,BNA,2944
BOS,BUF,2267
BOS,BUR,300
BOS,BWI,5585
BOS,CHS,1064
BOS,CLE,2180
BOS,CLT,4255
BOS,CMH,1394
BOS,CVG,1246
BOS,DAL,405
BOS,DCA,8847
BOS,DEN,3279
BOS,DFW,3095
BOS,DTW,3562
BOS,EWR,5745
BOS,FLL,3145
BOS,GSP,1
BOS,HDN,31
BOS,HNL,210
BOS,HOU,662
BOS,IAD,1460
BOS,IAH,1604
BOS,IND,1288
BOS,JAX,1853
BOS,JFK,5446
BOS,LAS,2067
BOS,LAX,5238
BOS,LGA,10303
BOS,LGB,412
BOS,MCI,839
BOS,MCO,4343
BOS,MDW,1518
BOS,MIA,2241
BOS,MKE,970
BOS,MSN,4
BOS,MSP,3009
BOS,MSY,958
BOS,MVY,95
BOS,MYR,376
BOS,OAK,47
BOS,ORD,7701
BOS,ORF,250
BOS,PBI,2086
BOS,PDX,791
BOS,PHL,7674
BOS,PHX,1691
BOS,PIT,3351
BOS,PSP,44
BOS,RDU,3881
BOS,RIC,2244
BOS,ROC,356
BOS,RSW,2207
BOS,SAN,1208
BOS,SAV,568
BOS,SBN,1
BOS,SEA,2299
BOS,SFO,5053
BOS,SJC,300
BOS,SJU,1045
BOS,SLC,1147
BOS,SMF,99
BOS,SRQ,306
BOS,STL,1211
BOS,STT,92
BOS,SYR,365
BOS,TPA,2683
BPT,DFW,1001
BQK,ATL,1037
BQN,EWR,365
BQN,FLL,619
BQN,JFK,424
BQN,MCO,898
BRD,MSP,636
BRO,DEN,4
BRO,DFW,1214
BRO,IAH,1458
BRO,ORD,31
BRW,ANC,363
BRW,FAI,365
BTM,SLC,677
BTR,ATL,2278
BTR,AUS,1
BTR,CLT,1000
BTR,DCA,1
BTR,DFW,2122
BTR,IAH,2294
BTV,ATL,429
BTV,CLT,750
BTV,DCA,1065
BTV,DEN,111
BTV,DTW,1043
BTV,EWR,773
BTV,IAD,772
BTV,JFK,2076
BTV,LGA,739
BTV,MCO,49
BTV,ORD,1286
BTV,PHL,544
BUF,ATL,1656
BUF,BNA,23
BUF,BOS,2266
BUF,BWI,1740
BUF,CLT,1149
BUF,DCA,1010
BUF,DEN,282
BUF,DFW,364
BUF,DTW,1310
BUF,EWR,815
BUF,FLL,682
BUF,IAD,632
BUF,JFK,3578
BUF,LAS,481
BUF,LAX,283
BUF,LGA,1275
BUF,MCO,1685
BUF,MDW,941
BUF,MIA,82
BUF,MSP,335
BUF,ORD,2431
BUF,PHL,522
BUF,PHX,369
BUF,RDU,46
BUF,RSW,139
BUF,TPA,758
BUR,ATL,312
BUR,BNA,69
BUR,BOS,299
BUR,DAL,398
BUR,DEN,1703
BUR,DFW,540
BUR,HOU,342
BUR,JFK,636
BUR,LAS,3921
BUR,MDW,362
BUR,OAK,4350
BUR,PDX,1208
BUR,PHX,3599
BUR,SEA,1301
BUR,SFO,3719
BUR,SJC,4512
BUR,SLC,1376
BUR,SMF,3258
BWI,ABQ,510
BWI,ALB,1825
BWI,ATL,6812
BWI,AUS,1204
BWI,AVL,101
BWI,BDL,2037
BWI,BHM,435
BWI,BNA,2168
BWI,BOS,5583
BWI,BUF,1754
BWI,CHS,1244
BWI,CLE,1087
BWI,CLT,4096
BWI,CMH,1306
BWI,CVG,1891
BWI,DAL,1493
BWI,DEN,2997
BWI,DFW,1625
BWI,DTW,2957
BWI,EWR,59
BWI,FLL,4293
BWI,GRR,360
BWI,GSP,59
BWI,HOU,1504
BWI,IAH,1128
BWI,IND,1120
BWI,ISP,1506
BWI,JAX,1589
BWI,JFK,1728
BWI,LAS,1871
BWI,LAX,2157
BWI,MCI,929
BWI,MCO,4390
BWI,MDW,2361
BWI,MEM,484
BWI,MHT,1955
BWI,MIA,741
BWI,MKE,979
BWI,MSP,2091
BWI,MSY,1548
BWI,MYR,386
BWI,OAK,356
BWI,OKC,361
BWI,ORD,3074
BWI,ORF,1525
BWI,PBI,1116
BWI,PDX,99
BWI,PHL,211
BWI,PHX,1409
BWI,PIT,935
BWI,PVD,2119
BWI,PWM,1281
BWI,RDU,3016
BWI,ROC,1044
BWI,RSW,1625
BWI,SAN,1204
BWI,SAT,765
BWI,SAV,116
BWI,SDF,1129
BWI,SEA,834
BWI,SFO,884
BWI,SJC,287
BWI,SJU,941
BWI,SLC,908
BWI,SMF,301
BWI,SRQ,90
BWI,STL,1377
BWI,TPA,3051
BWI,TYS,26
BWI,VPS,58
BZN,ATL,120
BZN,DEN,1618
BZN,DFW,468
BZN,DTW,27
BZN,EWR,197
BZN,IAH,143
BZN,LAS,113
BZN,LAX,447
BZN,LGA,10
BZN,LGB,64
BZN,MSP,889
BZN,ORD,720
BZN,PDX,70
BZN,SEA,67
BZN,SFO,402
BZN,SLC,1343
CAE,ATL,2870
CAE,BHM,1
CAE,CLT,1871
CAE,DCA,1010
CAE,DFW,840
CAE,IAD,6
CAE,IAH,156
CAE,LGA,687
CAE,MIA,13
CAK,ATL,1031
CAK,CLT,1642
CAK,DCA,367
CAK,EWR,394
CAK,IAH,364
CAK,LGA,309
CAK,MCO,328
CAK,ORD,1006
CAK,PHL,726
CAK,RSW,87
CAK,TPA,64
CDC,SLC,762
CDV,ANC,361
CDV,YAK,361
CGI,ORD,337
CGI,PAH,614
CGI,UIN,5
CHA,ATL,3416
CHA,CLT,2229
CHA,DCA,324
CHA,DFW,947
CHA,DTW,680
CHA,IAD,1
CHA,LGA,330
CHA,MSP,1
CHA,ORD,528
CHA,PHL,242
CHA,PIE,114
CHA,SFB,124
CHO,ATL,1675
CHO,CLT,1857
CHO,LGA,1411
CHO,ORD,960
CHS,ATL,3605
CHS,BNA,486
CHS,BOS,1065
CHS,BWI,1245
CHS,CLE,87
CHS,CLT,3197
CHS,CVG,110
CHS,DAL,361
CHS,DCA,1814
CHS,DEN,458
CHS,DFW,1035
CHS,DTW,672
CHS,EWR,1199
CHS,FLL,381
CHS,HOU,365
CHS,IAD,990
CHS,IAH,852
CHS,IND,52
CHS,JFK,1764
CHS,LCK,20
CHS,LGA,1299
CHS,MDW,667
CHS,MIA,1323
CHS,MSP,50
CHS,ORD,1306
CHS,PGD,15
CHS,PHL,776
CHS,PIT,94
CHS,SEA,285
CHS,STL,30
CHS,TTN,112
CID,ATL,927
CID,BNA,58
CID,CLT,740
CID,DEN,972
CID,DFW,1234
CID,DTW,1144
CID,LAS,125
CID,LAX,20
CID,MSP,1167
CID,ORD,2499
CID,PGD,101
CID,PHX,13
CID,PIE,135
CID,SFB,150
CIU,DTW,312
CIU,MSP,365
CKB,AVL,1
CKB,IAD,347
CKB,MYR,32
CKB,ORD,365
CKB,SFB,111
CLE,APN,1
CLE,ATL,3647
CLE,AUS,71
CLE,BDL,283
CLE,BNA,906
CLE,BOS,2179
CLE,BWI,1093
CLE,CHS,87
CLE,CLT,2431
CLE,DAL,17
CLE,DCA,2282
CLE,DEN,1938
CLE,DFW,1682
CLE,DTW,1530
CLE,EWR,2212
CLE,FLL,961
CLE,IAD,970
CLE,IAH,1708
CLE,JAX,52
CLE,JFK,1801
CLE,LAS,974
CLE,LAX,957
CLE,LGA,4694
CLE,MCO,1420
CLE,MDW,1602
CLE,MIA,972
CLE,MKE,567
CLE,MSP,1422
CLE,MSY,139
CLE,MYR,223
CLE,ORD,5066
CLE,ORF,20
CLE,PBI,78
CLE,PGD,100
CLE,PHL,761
CLE,PHX,655
CLE,PIE,86
CLE,RDU,166
CLE,RSW,831
CLE,SAN,71
CLE,SAV,172
CLE,SEA,73
CLE,SFB,53
CLE,SFO,630
CLE,SLC,248
CLE,SRQ,190
CLE,STL,809
CLE,TPA,759
CLE,VPS,26
CLL,BHM,2
CLL,DFW,1376
CLL,IAH,889
CLT,ABE,1041
CLT,ACK,13
CLT,AGS,1553
CLT,ALB,1070
CLT,ATL,6356
CLT,AUS,1739
CLT,AVL,2511
CLT,AVP,1349
CLT,BDL,2205
CLT,BGR,202
CLT,BHM,2042
CLT,BNA,3453
CLT,BOS,4216
CLT,BTR,999
CLT,BTV,750
CLT,BUF,1150
CLT,BWI,4095
CLT,CAE,1860
CLT,CAK,1640
CLT,CHA,2229
CLT,CHO,1856
CLT,CHS,3196
CLT,CID,740
CLT,CLE,2430
CLT,CMH,2740
CLT,CMI,490
CLT,CRW,1699
CLT,CVG,3231
CLT,DAB,1546
CLT,DAL,369
CLT,DAY,2100
CLT,DCA,3156
CLT,DEN,2972
CLT,DFW,3613
CLT,DSM,1053
CLT,DTW,3717
CLT,EVV,184
CLT,EWN,1646
CLT,EWR,4888
CLT,EYW,757
CLT,FAY,2005
CLT,FLL,2703
CLT,FNT,234
CLT,FWA,726
CLT,GNV,1437
CLT,GPT,811
CLT,GRR,1048
CLT,GSO,3168
CLT,GSP,3187
CLT,HHH,1120
CLT,HOU,362
CLT,HPN,1383
CLT,HSV,1423
CLT,HTS,202
CLT,HVN,52
CLT,IAD,3887
CLT,IAH,3514
CLT,ILM,3152
CLT,IND,2856
CLT,ITH,24
CLT,JAN,1231
CLT,JAX,2827
CLT,JFK,3984
CLT,LAS,2037
CLT,LAX,2428
CLT,LEX,916
CLT,LGA,5929
CLT,LIT,1412
CLT,LYH,916
CLT,MCI,1391
CLT,MCO,4153
CLT,MDT,1145
CLT,MDW,911
CLT,MEM,2188
CLT,MGM,103
CLT,MHT,1282
CLT,MIA,2657
CLT,MKE,1749
CLT,MLB,1094
CLT,MOB,127
CLT,MSN,740
CLT,MSP,2627
CLT,MSY,2356
CLT,MTJ,13
CLT,MYR,2857
CLT,OAJ,1567
CLT,OKC,897
CLT,OMA,1061
CLT,ORD,5016
CLT,ORF,2938
CLT,PBI,1910
CLT,PDX,347
CLT,PGV,80
CLT,PHF,1047
CLT,PHL,3501
CLT,PHX,2899
CLT,PIA,729
CLT,PIT,3054
CLT,PNS,1729
CLT,PVD,1750
CLT,PWM,819
CLT,RAP,109
CLT,RDU,3142
CLT,RIC,2926
CLT,ROA,39
CLT,ROC,1383
CLT,RSW,1879
CLT,SAN,1275
CLT,SAT,1494
CLT,SAV,3040
CLT,SBN,728
CLT,SDF,2680
CLT,SEA,1127
CLT,SFO,1666
CLT,SGF,1286
CLT,SHV,725
CLT,SJU,652
CLT,SLC,698
CLT,SMF,354
CLT,SRQ,1424
CLT,STL,2168
CLT,STT,280
CLT,STX,45
CLT,SYR,1352
CLT,TLH,1455
CLT,TOL,701
CLT,TPA,3298
CLT,TRI,456
CLT,TTN,191
CLT,TUL,751
CLT,TUS,38
CLT,TVC,13
CLT,TYS,1999
CLT,VPS,1463
CLT,XNA,1347
CMH,ATL,3741
CMH,AUS,1
CMH,BNA,725
CMH,BOS,1438
CMH,BWI,1313
CMH,CLT,2740
CMH,DAL,456
CMH,DCA,2353
CMH,DEN,1379
CMH,DFW,1525
CMH,DTW,1902
CMH,EWR,1420
CMH,FLL,816
CMH,HOU,365
CMH,IAD,1341
CMH,IAH,1371
CMH,JFK,1341
CMH,LAS,981
CMH,LAX,915
CMH,LGA,3823
CMH,LNK,1
CMH,MCO,1731
CMH,MDW,1857
CMH,MIA,1257
CMH,MSN,3
CMH,MSP,1079
CMH,MSY,107
CMH,MYR,102
CMH,OAK,183
CMH,ORD,5071
CMH,PBI,34
CMH,PHL,1809
CMH,PHX,1063
CMH,RDU,362
CMH,RSW,806
CMH,SEA,300
CMH,SFO,190
CMH,SLC,171
CMH,STL,722
CMH,TPA,1103
CMI,CLT,492
CMI,DFW,705
CMI,ORD,1706
CMX,ORD,728
CNY,DEN,623
COD,DEN,260
COD,ORD,8
COD,SLC,183
COS,ATL,425
COS,DEN,2660
COS,DFW,1720
COS,IAD,85
COS,IAH,1123
COS,LAS,424
COS,LAX,756
COS,MCO,177
COS,MSP,85
COS,ORD,1323
COS,PHX,382
COS,SAT,113
COS,SLC,812
COU,DEN,212
COU,DFW,973
COU,ORD,1184
CPR,DEN,324
CPR,RAP,2
CPR,SLC,729
CRP,DAL,21
CRP,DFW,2534
CRP,HOU,1306
CRP,IAH,2033
CRW,ATL,1596
CRW,CLT,1671
CRW,DCA,396
CRW,IAH,131
CRW,MYR,36
CRW,ORD,311
CRW,PHL,358
CSG,ATL,1274
CVG,ATL,2787
CVG,AUS,308
CVG,BDL,145
CVG,BOS,1245
CVG,BWI,1872
CVG,CHS,110
CVG,CLT,3233
CVG,DCA,1649
CVG,DEN,1771
CVG,DFW,2416
CVG,DTW,1258
CVG,EWR,1705
CVG,FLL,742
CVG,IAD,964
CVG,IAH,1780
CVG,JAX,170
CVG,JFK,729
CVG,LAS,904
CVG,LAX,844
CVG,LGA,2702
CVG,MCI,520
CVG,MCO,1380
CVG,MDW,1605
CVG,MIA,1109
CVG,MSN,1
CVG,MSP,1744
CVG,MSY,136
CVG,MYR,61
CVG,ORD,5597
CVG,ORF,20
CVG,PBI,12
CVG,PGD,371
CVG,PHL,2725
CVG,PHX,398
CVG,PIE,381
CVG,PVD,26
CVG,RDU,527
CVG,RSW,653
CVG,SAN,88
CVG,SAT,3
CVG,SAV,173
CVG,SEA,255
CVG,SFB,385
CVG,SFO,731
CVG,SJU,17
CVG,SLC,581
CVG,SRQ,194
CVG,STL,181
CVG,TPA,605
CVG,VPS,328
CWA,DTW,656
CWA,MSP,933
CWA,ORD,1017
CYS,DFW,515
DAB,ATL,1718
DAB,CLT,1546
DAB,JFK,7
DAB,LGA,39
DAL,ABQ,1707
DAL,AMA,1351
DAL,ATL,3495
DAL,AUS,3346
DAL,BHM,723
DAL,BNA,1789
DAL,BOI,8
DAL,BOS,405
DAL,BUR,398
DAL,BWI,1491
DAL,CHS,361
DAL,CLE,17
DAL,CLT,369
DAL,CMH,456
DAL,CRP,21
DAL,DCA,1760
DAL,DEN,2628
DAL,DTW,402
DAL,ELP,1424
DAL,FLL,1112
DAL,HOU,6615
DAL,HRL,19
DAL,IND,468
DAL,JAX,360
DAL,LAS,1773
DAL,LAX,2718
DAL,LBB,1649
DAL,LGA,1714
DAL,LIT,1029
DAL,MAF,1587
DAL,MCI,2098
DAL,MCO,1687
DAL,MDW,2478
DAL,MEM,983
DAL,MKE,359
DAL,MSP,359
DAL,MSY,2506
DAL,OAK,665
DAL,OKC,1007
DAL,OMA,452
DAL,ONT,369
DAL,PBI,5
DAL,PDX,866
DAL,PHL,365
DAL,PHX,2144
DAL,PIT,406
DAL,PNS,229
DAL,RDU,431
DAL,RNO,35
DAL,RSW,150
DAL,SAN,1686
DAL,SAT,3297
DAL,SDF,359
DAL,SEA,763
DAL,SFO,1498
DAL,SJC,1320
DAL,SLC,390
DAL,SMF,374
DAL,SNA,313
DAL,STL,2127
DAL,TPA,1104
DAL,TUL,1273
DAL,TUS,21
DAY,ATL,1380
DAY,CLT,2103
DAY,DCA,1137
DAY,DEN,359
DAY,DFW,1327
DAY,DTW,1167
DAY,EWR,318
DAY,IAD,199
DAY,IAH,366
DAY,LGA,970
DAY,MSP,1001
DAY,ORD,1892
DAY,PGD,46
DAY,PHL,1449
DAY,PIE,70
DAY,SFB,50
DBQ,ORD,1049
DCA,ACK,185
DCA,AGS,14
DCA,ALB,1098
DCA,ATL,7109
DCA,AUS,365
DCA,BDL,2382
DCA,BGR,953
DCA,BHM,986
DCA,BNA,3277
DCA,BOS,8863
DCA,BTR,1
DCA,BTV,1067
DCA,BUF,1010
DCA,CAE,1020
DCA,CAK,366
DCA,CHA,323
DCA,CHS,1815
DCA,CLE,2363
DCA,CLT,3156
DCA,CMH,2352
DCA,CRW,385
DCA,CVG,1647
DCA,DAL,1760
DCA,DAY,1137
DCA,DEN,1449
DCA,DFW,3258
DCA,DSM,563
DCA,DTW,3125
DCA,EWR,1754
DCA,EYW,228
DCA,FLL,2597
DCA,GRR,656
DCA,GSO,937
DCA,GSP,859
DCA,HHH,35
DCA,HOU,1115
DCA,HPN,1635
DCA,HSV,1226
DCA,IAH,2750
DCA,ILM,363
DCA,IND,1961
DCA,JAN,362
DCA,JAX,1919
DCA,JFK,2410
DCA,LAN,346
DCA,LAS,361
DCA,LAX,1460
DCA,LEX,285
DCA,LGA,6699
DCA,LIT,365
DCA,MCI,1585
DCA,MCO,3788
DCA,MDW,2170
DCA,MEM,1081
DCA,MGM,331
DCA,MHT,1045
DCA,MIA,3171
DCA,MKE,677
DCA,MLB,35
DCA,MSN,289
DCA,MSP,2931
DCA,MSY,2164
DCA,MVY,109
DCA,MYR,329
DCA,OKC,678
DCA,OMA,651
DCA,ORD,8030
DCA,ORF,1035
DCA,PBI,1107
DCA,PDX,364
DCA,PHL,1201
DCA,PHX,1085
DCA,PIT,1381
DCA,PNS,753
DCA,PVD,2930
DCA,PWM,1530
DCA,RDU,2380
DCA,ROC,801
DCA,RSW,1001
DCA,SAV,734
DCA,SBN,4
DCA,SDF,1033
DCA,SEA,727
DCA,SFO,728
DCA,SJU,365
DCA,SLC,363
DCA,SRQ,366
DCA,STL,2889
DCA,SYR,867
DCA,TLH,364
DCA,TPA,2211
DCA,TYS,1027
DCA,VPS,393
DCA,XNA,333
DEN,ABQ,2461
DEN,ACV,208
DEN,ALB,229
DEN,AMA,9
DEN,ANC,504
DEN,ASE,2330
DEN,ATL,6040
DEN,ATY,250
DEN,AUS,4177
DEN,AVL,107
DEN,BDL,784
DEN,BFF,626
DEN,BFL,716
DEN,BFM,101
DEN,BHM,519
DEN,BIL,1369
DEN,BIS,772
DEN,BMI,84
DEN,BNA,3378
DEN,BOI,2341
DEN,BOS,3348
DEN,BRO,4
DEN,BTV,111
DEN,BUF,282
DEN,BUR,1697
DEN,BWI,2960
DEN,BZN,1617
DEN,CHS,458
DEN,CID,972
DEN,CLE,1939
DEN,CLT,2970
DEN,CMH,1377
DEN,CNY,623
DEN,COD,260
DEN,COS,2848
DEN,COU,214
DEN,CPR,324
DEN,CVG,1774
DEN,DAL,2644
DEN,DAY,362
DEN,DCA,1449
DEN,DFW,5874
DEN,DRO,1172
DEN,DSM,1403
DEN,DTW,3189
DEN,EAR,657
DEN,EGE,719
DEN,ELP,1156
DEN,EUG,919
DEN,EWR,3328
DEN,FAI,43
DEN,FAR,1100
DEN,FAT,1311
DEN,FCA,647
DEN,FLL,2076
DEN,FSD,1453
DEN,GCC,773
DEN,GEG,1538
DEN,GJT,817
DEN,GRB,77
DEN,GRR,1138
DEN,GSP,361
DEN,GTF,139
DEN,HDN,287
DEN,HLN,4
DEN,HNL,378
DEN,HOB,65
DEN,HOU,2355
DEN,HRL,119
DEN,HSV,147
DEN,HYS,626
DEN,IAD,3517
DEN,IAH,4690
DEN,ICT,1241
DEN,IDA,418
DEN,IND,2355
DEN,ISN,5
DEN,JAC,997
DEN,JAN,90
DEN,JAX,884
DEN,JFK,1388
DEN,JMS,625
DEN,KOA,365
DEN,LAR,626
DEN,LAS,6917
DEN,LAX,7317
DEN,LBB,604
DEN,LBF,626
DEN,LBL,313
DEN,LFT,90
DEN,LGA,4350
DEN,LGB,190
DEN,LIH,365
DEN,LIT,653
DEN,LNK,580
DEN,MAF,911
DEN,MCI,3779
DEN,MCO,3712
DEN,MDT,85
DEN,MDW,3128
DEN,MEM,1130
DEN,MFR,550
DEN,MIA,1427
DEN,MKE,2379
DEN,MLI,47
DEN,MMH,102
DEN,MOT,271
DEN,MRY,155
DEN,MSN,1024
DEN,MSO,896
DEN,MSP,5851
DEN,MSY,2413
DEN,MTJ,461
DEN,MYR,53
DEN,OAK,1712
DEN,OGG,370
DEN,OKC,2708
DEN,OMA,2660
DEN,ONT,1771
DEN,ORD,6303
DEN,ORF,522
DEN,OTH,34
DEN,PAE,549
DEN,PBI,4
DEN,PDX,3825
DEN,PHL,2912
DEN,PHX,7791
DEN,PIR,508
DEN,PIT,1516
DEN,PNS,201
DEN,PRC,369
DEN,PSC,717
DEN,PSP,1393
DEN,PUB,626
DEN,PVD,74
DEN,PWM,107
DEN,RAP,1009
DEN,RDM,531
DEN,RDU,1745
DEN,RIC,723
DEN,RKS,735
DEN,RNO,1835
DEN,RSW,623
DEN,SAN,4542
DEN,SAT,2331
DEN,SAV,127
DEN,SBA,1331
DEN,SBP,813
DEN,SDF,528
DEN,SEA,6851
DEN,SFO,5606
DEN,SGF,93
DEN,SGU,556
DEN,SHV,366
DEN,SJC,2748
DEN,SLC,7032
DEN,SMF,3242
DEN,SNA,3311
DEN,SRQ,4
DEN,STL,3012
DEN,STS,298
DEN,SUN,177
DEN,SYR,321
DEN,TPA,2333
DEN,TUL,1734
DEN,TUS,2251
DEN,TVC,20
DEN,TYR,72
DEN,TYS,225
DEN,VEL,626
DEN,VPS,11
DEN,XNA,726
DFW,ABI,2272
DFW,ABQ,2750
DFW,ACT,1799
DFW,AEX,1063
DFW,AGS,309
DFW,AMA,2381
DFW,ANC,139
DFW,ASE,773
DFW,ATL,6844
DFW,AUS,3832
DFW,AVL,256
DFW,BDL,541
DFW,BFL,317
DFW,BHM,2097
DFW,BIL,364
DFW,BIS,648
DFW,BMI,674
DFW,BNA,2736
DFW,BOI,767
DFW,BOS,3094
DFW,BPT,1001
DFW,BRO,1214
DFW,BTR,2121
DFW,BUF,364
DFW,BUR,541
DFW,BWI,1628
DFW,BZN,469
DFW,CAE,840
DFW,CHA,947
DFW,CHS,1035
DFW,CID,1234
DFW,CLE,1680
DFW,CLL,1375
DFW,CLT,3611
DFW,CMH,1526
DFW,CMI,706
DFW,COS,1720
DFW,COU,973
DFW,CRP,2535
DFW,CVG,2416
DFW,CYS,515
DFW,DAY,1327
DFW,DCA,3261
DFW,DEN,5876
DFW,DRO,1142
DFW,DRT,723
DFW,DSM,1303
DFW,DTW,4039
DFW,EGE,544
DFW,ELP,3090
DFW,EUG,1
DFW,EVV,705
DFW,EWR,3226
DFW,EYW,363
DFW,FAR,712
DFW,FAT,881
DFW,FCA,119
DFW,FLG,547
DFW,FLL,3022
DFW,FSD,832
DFW,FSM,1495
DFW,FWA,734
DFW,GCK,728
DFW,GEG,377
DFW,GGG,939
DFW,GJT,1043
DFW,GNV,572
DFW,GPT,941
DFW,GRI,895
DFW,GRK,2425
DFW,GRR,1002
DFW,GSO,917
DFW,GSP,873
DFW,GUC,135
DFW,HDN,126
DFW,HNL,688
DFW,HOU,2710
DFW,HRL,878
DFW,HSV,1798
DFW,IAD,2247
DFW,IAH,6132
DFW,ICT,2255
DFW,ILM,442
DFW,IND,1710
DFW,JAC,559
DFW,JAN,2266
DFW,JAX,1829
DFW,JFK,1894
DFW,JLN,985
DFW,KOA,135
DFW,LAS,5094
DFW,LAW,1334
DFW,LAX,7338
DFW,LBB,2563
DFW,LCH,1007
DFW,LEX,953
DFW,LFT,1676
DFW,LGA,6587
DFW,LIT,3016
DFW,LRD,1562
DFW,MAF,2651
DFW,MCI,2551
DFW,MCO,4439
DFW,MDT,209
DFW,MEI,243
DFW,MEM,2834
DFW,MFE,2751
DFW,MGM,1006
DFW,MHK,1037
DFW,MIA,3723
DFW,MKE,1275
DFW,MLI,722
DFW,MLU,925
DFW,MOB,1276
DFW,MRY,284
DFW,MSN,1063
DFW,MSO,377
DFW,MSP,4273
DFW,MSY,2943
DFW,MTJ,658
DFW,MYR,268
DFW,OAK,156
DFW,OGG,543
DFW,OKC,3185
DFW,OMA,1413
DFW,ONT,2042
DFW,ORD,7620
DFW,ORF,793
DFW,PBI,917
DFW,PDX,1780
DFW,PHL,3627
DFW,PHX,4627
DFW,PIA,732
DFW,PIB,463
DFW,PIT,1515
DFW,PNS,1750
DFW,PSP,819
DFW,RAP,858
DFW,RDU,2002
DFW,RIC,921
DFW,RNO,1020
DFW,RSW,1235
DFW,SAF,1312
DFW,SAN,3273
DFW,SAT,3854
DFW,SAV,828
DFW,SBA,604
DFW,SBN,729
DFW,SBP,288
DFW,SDF,1982
DFW,SEA,4126
DFW,SFO,4638
DFW,SGF,2620
DFW,SGU,97
DFW,SHV,2289
DFW,SJC,1341
DFW,SJT,1881
DFW,SJU,383
DFW,SLC,3844
DFW,SMF,1689
DFW,SNA,3060
DFW,SPI,694
DFW,SPS,1257
DFW,SRQ,236
DFW,STL,2748
DFW,STS,207
DFW,STT,2
DFW,SUX,371
DFW,SWO,879
DFW,TLH,941
DFW,TPA,2738
DFW,TRI,241
DFW,TUL,3175
DFW,TUS,2386
DFW,TVC,130
DFW,TXK,1242
DFW,TYR,1496
DFW,TYS,1614
DFW,VPS,1652
DFW,XNA,3129
DFW,YUM,332
DHN,ATL,1375
DLG,ANC,82
DLH,MSP,1805
DLH,ORD,1571
DRO,DEN,1172
DRO,DFW,1142
DRO,IAH,21
DRO,LAX,13
DRO,ORD,32
DRO,PHX,862
DRT,DFW,723
DSM,ATL,1062
DSM,CLT,1054
DSM,DCA,563
DSM,DEN,1393
DSM,DFW,1300
DSM,DTW,1270
DSM,IAH,926
DSM,LAS,572
DSM,LAX,20
DSM,LGA,571
DSM,MCO,63
DSM,MSP,1672
DSM,ORD,3342
DSM,PGD,117
DSM,PHL,595
DSM,PHX,919
DSM,PIE,134
DSM,SFB,165
DSM,SLC,347
DSM,SRQ,11
DSM,STL,679
DSM,VPS,26
DTW,ABE,1003
DTW,ALB,1047
DTW,APN,365
DTW,ATL,5168
DTW,ATW,880
DTW,AUS,1490
DTW,AVL,23
DTW,AVP,908
DTW,AZO,784
DTW,BDL,1476
DTW,BGM,958
DTW,BGR,10
DTW,BHM,704
DTW,BNA,2711
DTW,BOS,3562
DTW,BTV,1043
DTW,BUF,1310
DTW,BWI,2943
DTW,BZN,27
DTW,CHA,680
DTW,CHS,671
DTW,CID,1144
DTW,CIU,312
DTW,CLE,1531
DTW,CLT,3719
DTW,CMH,1884
DTW,CVG,1264
DTW,CWA,656
DTW,DAL,402
DTW,DAY,1167
DTW,DCA,3122
DTW,DEN,3188
DTW,DFW,4047
DTW,DSM,1270
DTW,ELM,275
DTW,ERI,986
DTW,ESC,625
DTW,EVV,935
DTW,EWR,3179
DTW,FLL,2479
DTW,FWA,1007
DTW,GRB,1163
DTW,GRR,2052
DTW,GSO,580
DTW,GSP,753
DTW,HNL,52
DTW,HPN,1216
DTW,HSV,323
DTW,IAD,2592
DTW,IAH,3777
DTW,IMT,313
DTW,IND,2150
DTW,ITH,975
DTW,JAX,1005
DTW,JFK,1540
DTW,LAN,1550
DTW,LAS,3356
DTW,LAX,2717
DTW,LEX,1321
DTW,LGA,5012
DTW,LIT,225
DTW,LSE,305
DTW,MBS,1264
DTW,MCI,1641
DTW,MCO,3712
DTW,MDT,733
DTW,MDW,2296
DTW,MEM,772
DTW,MHT,79
DTW,MIA,1420
DTW,MKE,1855
DTW,MLI,678
DTW,MQT,620
DTW,MSN,1553
DTW,MSP,3111
DTW,MSY,1420
DTW,MYR,359
DTW,OAK,126
DTW,OKC,515
DTW,OMA,948
DTW,ORD,6807
DTW,ORF,737
DTW,ORH,145
DTW,PBI,439
DTW,PDX,487
DTW,PHL,3074
DTW,PHX,2448
DTW,PIT,1583
DTW,PLN,826
DTW,PVD,978
DTW,PWM,444
DTW,RDU,1538
DTW,RIC,981
DTW,ROC,1249
DTW,RSW,2104
DTW,SAN,1075
DTW,SAT,904
DTW,SAV,308
DTW,SBN,1543
DTW,SCE,993
DTW,SDF,1330
DTW,SEA,2320
DTW,SFO,1797
DTW,SJC,281
DTW,SJU,11
DTW,SLC,1477
DTW,SMF,152
DTW,SNA,294
DTW,SRQ,63
DTW,STL,1335
DTW,SWF,668
DTW,SYR,1026
DTW,TPA,2213
DTW,TTN,82
DTW,TUS,1
DTW,TVC,1546
DTW,TYS,1475
DVL,DEN,260
DVL,JMS,365
EAR,DEN,656
EAR,ORD,28
EAU,ORD,728
EGE,ATL,102
EGE,DEN,719
EGE,DFW,545
EGE,EWR,102
EGE,IAD,45
EGE,IAH,89
EGE,JFK,81
EGE,LAX,131
EGE,LGA,15
EGE,MIA,105
EGE,ORD,225
EGE,PHL,2
EGE,PHX,66
EGE,SFO,102
EGE,SLC,10
EKO,SLC,676
ELM,ATL,13
ELM,DTW,273
ELM,PGD,15
ELM,PIE,101
ELM,SFB,201
ELP,ATL,873
ELP,AUS,951
ELP,DAL,1423
ELP,DEN,1153
ELP,DFW,3092
ELP,HOU,1078
ELP,IAH,1797
ELP,LAS,872
ELP,LAX,704
ELP,ORD,965
ELP,PHX,2811
ELP,SAN,406
ELP,SAT,718
ELP,SFB,20
ELP,SJC,52
ELP,SLC,135
ERI,DTW,986
ERI,ORD,208
ESC,DTW,625
EUG,DEN,917
EUG,DFW,1
EUG,LAS,127
EUG,LAX,1327
EUG,OAK,133
EUG,ORD,191
EUG,PHX,363
EUG,SAN,20
EUG,SEA,207
EUG,SFO,1463
EUG,SLC,346
EVV,ATL,1228
EVV,CLT,183
EVV,DFW,707
EVV,DTW,936
EVV,ORD,846
EVV,SFB,111
EVV,VPS,24
EWN,ATL,713
EWN,CLT,1645
EWR,ALB,127
EWR,ANC,81
EWR,ATL,6549
EWR,AUS,1776
EWR,AVL,249
EWR,BGR,450
EWR,BNA,2629
EWR,BOS,5736
EWR,BQN,365
EWR,BTV,797
EWR,BUF,938
EWR,BWI,60
EWR,BZN,197
EWR,CAK,384
EWR,CHS,1193
EWR,CLE,1814
EWR,CLT,4890
EWR,CMH,1414
EWR,CVG,1706
EWR,DAY,320
EWR,DCA,1836
EWR,DEN,3263
EWR,DFW,3227
EWR,DTW,3175
EWR,EGE,102
EWR,EYW,558
EWR,FLL,4993
EWR,GRR,532
EWR,GSO,613
EWR,GSP,714
EWR,HDN,24
EWR,HHH,35
EWR,HNL,365
EWR,IAD,1168
EWR,IAH,3647
EWR,IND,1722
EWR,JAC,102
EWR,JAX,1038
EWR,LAS,2679
EWR,LAX,4955
EWR,LEX,12
EWR,MCI,1269
EWR,MCO,6906
EWR,MDW,1566
EWR,MEM,546
EWR,MHT,111
EWR,MIA,2957
EWR,MKE,888
EWR,MSN,384
EWR,MSP,3429
EWR,MSY,1990
EWR,MTJ,74
EWR,MYR,502
EWR,OAK,124
EWR,OKC,282
EWR,OMA,904
EWR,ORD,5525
EWR,ORF,768
EWR,PBI,3214
EWR,PDX,1018
EWR,PHX,2553
EWR,PIT,2812
EWR,PNS,95
EWR,PSP,123
EWR,PVD,539
EWR,PWM,723
EWR,RAP,22
EWR,RDU,3067
EWR,RIC,1102
EWR,ROC,659
EWR,RSW,2163
EWR,SAN,1540
EWR,SAT,717
EWR,SAV,1085
EWR,SBN,105
EWR,SDF,981
EWR,SEA,2048
EWR,SFO,5808
EWR,SJC,312
EWR,SJU,1455
EWR,SLC,839
EWR,SMF,258
EWR,SNA,1014
EWR,SRQ,661
EWR,STL,1765
EWR,STT,203
EWR,SYR,548
EWR,TPA,2915
EWR,TVC,97
EWR,TYS,565
EWR,VPS,105
EWR,XNA,310
EYW,ATL,1745
EYW,CLT,758
EYW,DCA,228
EYW,DFW,363
EYW,EWR,558
EYW,LGA,30
EYW,MIA,1635
EYW,ORD,313
EYW,PHL,52
FAI,ANC,2312
FAI,DEN,43
FAI,MSP,102
FAI,ORD,159
FAI,SCC,261
FAI,SEA,1814
FAI,SFO,32
FAR,ATL,24
FAR,DEN,1001
FAR,DFW,710
FAR,LAS,177
FAR,LAX,20
FAR,MSP,2258
FAR,ORD,1431
FAR,PHX,33
FAR,SFB,81
FAT,DEN,1314
FAT,DFW,881
FAT,LAS,593
FAT,LAX,2369
FAT,ORD,260
FAT,PDX,638
FAT,PHX,1763
FAT,SAN,1016
FAT,SEA,1055
FAT,SFO,1434
FAT,SLC,1038
FAY,ATL,1698
FAY,CLT,2005
FCA,ATL,13
FCA,DEN,646
FCA,DFW,119
FCA,LAS,107
FCA,LAX,116
FCA,MSP,444
FCA,OAK,26
FCA,ORD,262
FCA,SFO,105
FCA,SLC,1134
FLG,DFW,546
FLG,LAX,15
FLG,PHX,1431
FLL,ABE,55
FLL,ACY,804
FLL,ALB,546
FLL,ATL,8667
FLL,AUS,1124
FLL,AVL,1005
FLL,BDL,1449
FLL,BHM,9
FLL,BLV,44
FLL,BNA,1930
FLL,BOS,3132
FLL,BQN,619
FLL,BUF,674
FLL,BWI,4316
FLL,CHS,381
FLL,CLE,960
FLL,CLT,2703
FLL,CMH,816
FLL,CVG,742
FLL,DAL,1111
FLL,DCA,2605
FLL,DEN,2096
FLL,DFW,3022
FLL,DTW,2475
FLL,EWR,4995
FLL,FNT,37
FLL,GRR,43
FLL,GSO,121
FLL,GSP,126
FLL,HDN,18
FLL,HOU,1106
FLL,HPN,716
FLL,IAD,772
FLL,IAG,197
FLL,IAH,2239
FLL,IND,766
FLL,ISP,599
FLL,JAX,2249
FLL,JFK,3896
FLL,LAS,1139
FLL,LAX,2068
FLL,LBE,306
FLL,LCK,105
FLL,LEX,142
FLL,LGA,4853
FLL,LGB,7
FLL,MCI,564
FLL,MCO,2171
FLL,MDW,1351
FLL,MEM,136
FLL,MKE,183
FLL,MSP,619
FLL,MSY,1947
FLL,MYR,439
FLL,ORD,2606
FLL,ORF,100
FLL,ORH,365
FLL,PHL,2984
FLL,PHX,718
FLL,PIT,920
FLL,PVD,818
FLL,RDU,1730
FLL,RIC,941
FLL,SAN,286
FLL,SAT,365
FLL,SDF,143
FLL,SEA,563
FLL,SFO,1197
FLL,SJU,3457
FLL,SLC,721
FLL,STL,782
FLL,STT,344
FLL,STX,139
FLL,SWF,365
FLL,SYR,237
FLL,TPA,2123
FLL,TTN,229
FLL,TYS,301
FNT,ATL,1035
FNT,CLT,233
FNT,FLL,37
FNT,ORD,1557
FNT,PGD,178
FNT,PIE,198
FNT,SFB,238
FNT,SRQ,12
FSD,ATL,325
FSD,DEN,1395
FSD,DFW,833
FSD,LAS,198
FSD,LAX,20
FSD,MSP,2204
FSD,ORD,1359
FSD,PGD,14
FSD,PHX,353
FSD,PIE,71
FSD,SFB,104
FSM,ATL,670
FSM,DFW,1495
FWA,ATL,1405
FWA,BNA,1
FWA,CLT,725
FWA,DFW,733
FWA,DTW,1007
FWA,MSP,354
FWA,MYR,22
FWA,ORD,2220
FWA,PGD,180
FWA,PIE,196
FWA,SFB,150
FWA,SRQ,12
GCC,DEN,772
GCK,DFW,728
GEG,BOI,552
GEG,DEN,1558
GEG,DFW,377
GEG,LAS,862
GEG,LAX,4
GEG,LWS,1
GEG,MSP,834
GEG,OAK,663
GEG,ORD,365
GEG,PDX,208
GEG,PHX,1070
GEG,SAN,218
GEG,SEA,2480
GEG,SFO,788
GEG,SJC,310
GEG,SLC,1335
GEG,SMF,409
GFK,ISN,1
GFK,LAS,105
GFK,MSP,1887
GFK,SFB,21
GGG,DFW,939
GJT,ASE,1
GJT,DEN,824
GJT,DFW,1043
GJT,IAH,1
GJT,LAS,108
GJT,LAX,21
GJT,ORD,19
GJT,PHX,877
GJT,SFO,1
GJT,SLC,1096
GNV,ATL,2563
GNV,CLT,1435
GNV,DFW,571
GNV,MIA,631
GPT,ATL,1704
GPT,CLT,811
GPT,DFW,941
GPT,IAH,1023
GPT,SFB,92
GRB,ATL,535
GRB,DEN,77
GRB,DTW,1163
GRB,IAD,1
GRB,MCO,21
GRB,MSP,1306
GRB,ORD,2066
GRI,DFW,895
GRI,LAS,114
GRK,DFW,2425
GRK,IAH,971
GRR,ATL,1691
GRR,BNA,64
GRR,BWI,358
GRR,CLT,1047
GRR,DCA,656
GRR,DEN,1101
GRR,DFW,1000
GRR,DTW,2053
GRR,EWR,818
GRR,FLL,43
GRR,IAH,519
GRR,JAX,26
GRR,LAS,170
GRR,LGA,902
GRR,MCO,364
GRR,MDW,981
GRR,MIA,93
GRR,MSP,1627
GRR,MSY,26
GRR,ORD,3399
GRR,PGD,194
GRR,PHL,473
GRR,PHX,184
GRR,PIE,363
GRR,RSW,183
GRR,SAV,60
GRR,SFB,423
GRR,SRQ,80
GRR,TPA,119
GSO,ATL,2828
GSO,CLT,3169
GSO,DCA,939
GSO,DFW,916
GSO,DTW,579
GSO,EWR,608
GSO,FLL,121
GSO,IAD,21
GSO,IAH,7
GSO,LGA,2549
GSO,MCO,213
GSO,MIA,621
GSO,ORD,1013
GSO,PHL,692
GSO,PIE,107
GSO,SFB,130
GSO,TPA,121
GSP,ATL,3762
GSP,BOS,1
GSP,BWI,59
GSP,CLT,3187
GSP,DCA,858
GSP,DEN,360
GSP,DFW,871
GSP,DTW,753
GSP,EWR,718
GSP,FLL,126
GSP,IAD,558
GSP,IAH,671
GSP,LAS,58
GSP,LGA,798
GSP,MCO,79
GSP,MIA,717
GSP,ORD,1256
GSP,PHL,881
GSP,PIE,136
GSP,SFB,134
GSP,SFO,1
GSP,SJC,1
GSP,TPA,35
GST,JNU,82
GTF,DEN,139
GTF,LAS,112
GTF,MSP,365
GTF,ORD,75
GTF,SLC,990
GTR,ATL,1184
GUC,DFW,135
GUC,IAH,105
GUM,HNL,366
GUM,SPN,473
HDN,ATL,101
HDN,BOS,31
HDN,DEN,287
HDN,DFW,126
HDN,EWR,24
HDN,FLL,18
HDN,IAD,15
HDN,IAH,93
HDN,LAX,102
HDN,LGB,26
HDN,MSP,85
HDN,ORD,117
HDN,SAN,44
HDN,SFO,15
HGR,MYR,20
HGR,PIE,26
HGR,SFB,137
HHH,ATL,665
HHH,CLT,1120
HHH,DCA,35
HHH,EWR,35
HHH,IAD,323
HHH,LGA,14
HHH,ORD,40
HIB,MSP,626
HLN,DEN,4
HLN,GTF,2
HLN,MSP,329
HLN,SLC,1016
HNL,ANC,365
HNL,ATL,354
HNL,BOS,210
HNL,DEN,378
HNL,DFW,688
HNL,DTW,52
HNL,EWR,365
HNL,GUM,366
HNL,IAD,171
HNL,IAH,365
HNL,ITO,5099
HNL,JFK,375
HNL,KOA,7816
HNL,LAS,968
HNL,LAX,5867
HNL,LGB,365
HNL,LIH,6949
HNL,MSP,202
HNL,OAK,1149
HNL,OGG,10735
HNL,ORD,472
HNL,PDX,776
HNL,PHX,938
HNL,PPG,120
HNL,SAN,730
HNL,SEA,2071
HNL,SFO,2569
HNL,SJC,859
HNL,SLC,348
HNL,SMF,417
HOB,DEN,65
HOB,IAH,683
HOU,ABQ,1048
HOU,AMA,13
HOU,ATL,4158
HOU,AUS,1763
HOU,BHM,667
HOU,BNA,1481
HOU,BOS,662
HOU,BUR,341
HOU,BWI,1453
HOU,CHS,365
HOU,CLT,362
HOU,CMH,365
HOU,CRP,1306
HOU,DAL,6633
HOU,DCA,1115
HOU,DEN,2356
HOU,DFW,2710
HOU,ELP,1079
HOU,FLL,1105
HOU,HRL,1531
HOU,IND,644
HOU,JAX,406
HOU,JFK,299
HOU,LAS,1747
HOU,LAX,1733
HOU,LBB,45
HOU,LGA,1045
HOU,MAF,1227
HOU,MCI,963
HOU,MCO,1637
HOU,MDW,2204
HOU,MEM,667
HOU,MIA,80
HOU,MKE,366
HOU,MSY,3243
HOU,OAK,868
HOU,OKC,1312
HOU,OMA,364
HOU,PDX,58
HOU,PHL,161
HOU,PHX,1691
HOU,PIT,470
HOU,PNS,365
HOU,RDU,407
HOU,SAN,900
HOU,SAT,1855
HOU,SDF,366
HOU,SEA,58
HOU,SJC,359
HOU,SJU,142
HOU,SLC,62
HOU,SMF,42
HOU,SNA,309
HOU,STL,1360
HOU,TPA,1080
HOU,TUL,978
HOU,TUS,4
HPN,ACK,82
HPN,ATL,2182
HPN,CLT,1376
HPN,DCA,1641
HPN,DTW,1216
HPN,FLL,715
HPN,MCO,1168
HPN,ORD,952
HPN,PBI,1543
HPN,RSW,365
HPN,TPA,364
HRL,AUS,321
HRL,DAL,19
HRL,DEN,119
HRL,DFW,877
HRL,HOU,1531
HRL,IAH,1434
HRL,MSP,93
HRL,ORD,90
HSV,ATL,2582
HSV,CLT,1423
HSV,DCA,1227
HSV,DEN,156
HSV,DFW,1798
HSV,DTW,323
HSV,IAD,268
HSV,IAH,1091
HSV,MCO,140
HSV,ORD,699
HTS,CLT,202
HTS,MYR,52
HTS,PGD,26
HTS,PIE,191
HTS,SFB,215
HTS,VPS,25
HVN,CLT,52
HVN,PHL,1031
HYA,JFK,83
HYS,DEN,625
HYS,SLN,626
IAD,ALB,127
IAD,ATL,4393
IAD,AUS,1319
IAD,AVL,1
IAD,AVP,26
IAD,BDL,1401
IAD,BNA,1009
IAD,BOS,1459
IAD,BTV,756
IAD,BUF,631
IAD,CAE,6
IAD,CHA,114
IAD,CHS,994
IAD,CKB,347
IAD,CLE,1253
IAD,CLT,3887
IAD,CMH,1346
IAD,COS,85
IAD,CVG,979
IAD,DAY,199
IAD,DEN,3495
IAD,DFW,2264
IAD,DTW,2592
IAD,EGE,45
IAD,EWR,1364
IAD,FLL,771
IAD,GRR,1
IAD,GSO,21
IAD,GSP,572
IAD,HDN,15
IAD,HHH,323
IAD,HNL,171
IAD,HSV,206
IAD,IAH,1620
IAD,ILM,6
IAD,IND,771
IAD,JAX,296
IAD,JFK,1323
IAD,LAS,959
IAD,LAX,3601
IAD,LEX,29
IAD,LGA,1043
IAD,LWB,288
IAD,MCI,715
IAD,MCO,1878
IAD,MDT,59
IAD,MHT,317
IAD,MIA,225
IAD,MSN,2
IAD,MSP,1642
IAD,MSY,800
IAD,OGS,216
IAD,OKC,365
IAD,ORD,1782
IAD,ORF,1233
IAD,PDX,290
IAD,PHL,12
IAD,PHX,376
IAD,PIT,1406
IAD,PVD,591
IAD,PWM,366
IAD,RDU,1430
IAD,RIC,486
IAD,ROA,91
IAD,ROC,705
IAD,RSW,133
IAD,SAN,1022
IAD,SAT,780
IAD,SAV,373
IAD,SCE,9
IAD,SDF,58
IAD,SEA,1885
IAD,SFO,3284
IAD,SHD,390
IAD,SJU,300
IAD,SLC,309
IAD,SMF,339
IAD,SRQ,132
IAD,STL,173
IAD,STT,220
IAD,SYR,730
IAD,TPA,1087
IAD,TVC,11
IAD,TYS,267
IAG,FLL,199
IAG,MYR,162
IAG,PGD,191
IAG,PIE,136
IAG,SAV,20
IAG,SFB,139
IAH,ABQ,1450
IAH,AEX,869
IAH,AMA,968
IAH,ANC,89
IAH,ASE,484
IAH,ATL,5314
IAH,AUS,3179
IAH,BDL,356
IAH,BHM,1728
IAH,BNA,2020
IAH,BOI,365
IAH,BOS,1601
IAH,BRO,1459
IAH,BTR,2294
IAH,BWI,1130
IAH,BZN,143
IAH,CAE,155
IAH,CAK,364
IAH,CHS,852
IAH,CLE,1741
IAH,CLL,889
IAH,CLT,3516
IAH,CMH,1374
IAH,COS,1123
IAH,CRP,2035
IAH,CRW,131
IAH,CVG,1781
IAH,DAY,365
IAH,DCA,2748
IAH,DEN,4691
IAH,DFW,6131
IAH,DRO,21
IAH,DSM,924
IAH,DTW,3772
IAH,EGE,89
IAH,ELP,1796
IAH,EWR,3636
IAH,FLL,2241
IAH,GPT,1023
IAH,GRK,971
IAH,GRR,519
IAH,GSO,7
IAH,GSP,672
IAH,GUC,105
IAH,HDN,93
IAH,HNL,365
IAH,HOB,683
IAH,HRL,1435
IAH,HSV,1090
IAH,IAD,1625
IAH,ICT,1395
IAH,IND,1607
IAH,JAC,53
IAH,JAN,1735
IAH,JAX,1359
IAH,JFK,191
IAH,LAS,3107
IAH,LAX,4689
IAH,LBB,1172
IAH,LCH,969
IAH,LEX,240
IAH,LFT,1994
IAH,LGA,4245
IAH,LIT,1958
IAH,LRD,999
IAH,MAF,2427
IAH,MCI,1590
IAH,MCO,3284
IAH,MEM,1784
IAH,MFE,2332
IAH,MIA,3195
IAH,MKE,731
IAH,MLU,685
IAH,MOB,1638
IAH,MSN,2
IAH,MSP,3642
IAH,MSY,3168
IAH,MTJ,196
IAH,MYR,36
IAH,OAK,176
IAH,OKC,2835
IAH,OMA,1198
IAH,ONT,210
IAH,ORD,5186
IAH,ORF,612
IAH,PBI,270
IAH,PDX,862
IAH,PHL,2399
IAH,PHX,3057
IAH,PIT,1858
IAH,PNS,1755
IAH,PSP,480
IAH,RAP,11
IAH,RDU,1471
IAH,RIC,598
IAH,RNO,322
IAH,RSW,813
IAH,SAN,2141
IAH,SAT,2885
IAH,SAV,675
IAH,SDF,1229
IAH,SEA,2394
IAH,SFO,3287
IAH,SGF,687
IAH,SHV,1384
IAH,SJC,556
IAH,SJU,658
IAH,SLC,2576
IAH,SMF,789
IAH,SNA,1348
IAH,STL,1758
IAH,STT,85
IAH,TPA,2084
IAH,TUL,2553
IAH,TUS,1145
IAH,TYS,1270
IAH,VPS,938
IAH,XNA,1514
ICT,ATL,1030
ICT,DEN,1239
ICT,DFW,2256
ICT,IAH,1394
ICT,LAS,469
ICT,LAX,20
ICT,MSP,1006
ICT,ORD,2026
ICT,PHX,379
ICT,SEA,6
ICT,SFB,26
ICT,STL,678
ICT,VPS,30
IDA,DEN,418
IDA,LAS,106
IDA,LAX,24
IDA,MSP,13
IDA,OAK,26
IDA,SLC,1377
ILM,ATL,1815
ILM,CLT,3152
ILM,DCA,363
ILM,DFW,442
ILM,IAD,6
ILM,LGA,990
ILM,ORD,105
ILM,PHL,5
IMT,DTW,313
IMT,MSP,365
IND,ATL,4220
IND,AUS,129
IND,BOS,1288
IND,BWI,1119
IND,CHS,52
IND,CLT,2856
IND,DAL,467
IND,DCA,1961
IND,DEN,2387
IND,DFW,1710
IND,DTW,2150
IND,EWR,1929
IND,FLL,764
IND,HOU,617
IND,IAD,794
IND,IAH,1608
IND,JAX,92
IND,JFK,1131
IND,LAS,1486
IND,LAX,998
IND,LGA,2300
IND,MCI,628
IND,MCO,2168
IND,MDW,505
IND,MIA,1084
IND,MSP,1668
IND,MSY,63
IND,MYR,80
IND,OAK,176
IND,ORD,4742
IND,PBI,12
IND,PGD,282
IND,PHL,1777
IND,PHX,1328
IND,PIE,339
IND,RDU,372
IND,RSW,872
IND,SAN,74
IND,SAV,56
IND,SEA,675
IND,SFB,255
IND,SFO,443
IND,SLC,315
IND,SRQ,126
IND,TPA,983
IND,TUS,16
IND,VPS,38
INL,MSP,648
ISN,DEN,5
ISN,MSP,628
ISP,ATL,134
ISP,BWI,1465
ISP,FLL,600
ISP,MCO,1390
ISP,MYR,115
ISP,PBI,1016
ISP,RDU,85
ISP,RSW,99
ISP,TPA,660
ITH,CLT,24
ITH,DTW,975
ITO,HNL,5103
ITO,LAX,284
ITO,OGG,731
JAC,ATL,111
JAC,DEN,998
JAC,DFW,559
JAC,EWR,102
JAC,IAH,53
JAC,JFK,15
JAC,LAX,339
JAC,LGA,19
JAC,MSP,110
JAC,ORD,745
JAC,PHX,75
JAC,SEA,37
JAC,SFO,253
JAC,SLC,1169
JAN,ATL,2249
JAN,CLT,1229
JAN,DCA,362
JAN,DEN,90
JAN,DFW,2267
JAN,IAH,1735
JAN,MCO,100
JAN,ORD,167
JAX,ATL,5216
JAX,BLV,63
JAX,BNA,997
JAX,BOS,1851
JAX,BWI,1613
JAX,CLE,52
JAX,CLT,2823
JAX,CVG,170
JAX,DAL,360
JAX,DCA,1920
JAX,DEN,883
JAX,DFW,1829
JAX,DTW,1004
JAX,EWR,753
JAX,FLL,2234
JAX,GRR,26
JAX,HOU,389
JAX,IAD,580
JAX,IAH,1360
JAX,IND,92
JAX,JFK,2139
JAX,LAS,181
JAX,LCK,24
JAX,LGA,1033
JAX,MDW,365
JAX,MIA,1869
JAX,MSP,280
JAX,ORD,2092
JAX,ORF,75
JAX,PHL,1232
JAX,PIT,112
JAX,RDU,146
JAX,STL,34
JAX,TTN,135
JFK,ABQ,299
JFK,ACK,477
JFK,ATL,3489
JFK,AUS,2164
JFK,BNA,1670
JFK,BOS,5497
JFK,BQN,424
JFK,BTV,2076
JFK,BUF,3575
JFK,BUR,636
JFK,BWI,1728
JFK,CHS,1764
JFK,CLE,1799
JFK,CLT,3989
JFK,CMH,1342
JFK,CVG,732
JFK,DAB,7
JFK,DCA,2399
JFK,DEN,1388
JFK,DFW,1894
JFK,DTW,1539
JFK,EGE,81
JFK,FLL,3901
JFK,HNL,375
JFK,HOU,299
JFK,HYA,83
JFK,IAD,1323
JFK,IAH,191
JFK,IND,1131
JFK,JAC,15
JFK,JAX,2139
JFK,LAS,3418
JFK,LAX,12804
JFK,LGB,678
JFK,MCO,4572
JFK,MIA,3564
JFK,MSP,1418
JFK,MSY,1919
JFK,MVY,215
JFK,OAK,268
JFK,ONT,350
JFK,ORD,3008
JFK,ORF,1921
JFK,ORH,365
JFK,PBI,1844
JFK,PDX,1279
JFK,PHL,43
JFK,PHX,2813
JFK,PIT,1401
JFK,PSE,319
JFK,PSP,198
JFK,PWM,1279
JFK,RDU,3451
JFK,RIC,1051
JFK,RNO,262
JFK,ROC,2164
JFK,RSW,1012
JFK,SAN,2000
JFK,SAT,642
JFK,SAV,1508
JFK,SEA,3323
JFK,SFO,7620
JFK,SJC,1027
JFK,SJU,3104
JFK,SLC,2376
JFK,SMF,354
JFK,SNA,4
JFK,SRQ,391
JFK,STT,317
JFK,SYR,1791
JFK,TPA,2646
JLN,DFW,985
JLN,ORD,401
JMS,DEN,365
JMS,DVL,624
JNU,ANC,1134
JNU,GST,82
JNU,KTN,289
JNU,PSG,362
JNU,SEA,1526
JNU,SIT,761
JNU,YAK,361
KOA,ANC,86
KOA,BLI,15
KOA,DEN,365
KOA,DFW,135
KOA,HNL,7810
KOA,LAX,1858
KOA,LIH,381
KOA,OAK,316
KOA,OGG,1095
KOA,PDX,213
KOA,PHX,334
KOA,SAN,218
KOA,SEA,1027
KOA,SFO,1235
KOA,SJC,235
KOA,SMF,156
KTN,JNU,290
KTN,SEA,1366
KTN,SIT,365
KTN,WRG,362
LAN,DCA,346
LAN,DTW,1550
LAN,MSP,362
LAN,ORD,1028
LAR,DEN,625
LAS,ABQ,1388
LAS,AMA,365
LAS,ATL,4731
LAS,ATW,104
LAS,AUS,2131
LAS,BHM,170
LAS,BIL,122
LAS,BIS,151
LAS,BLI,757
LAS,BLV,64
LAS,BNA,1419
LAS,BOI,828
LAS,BOS,2069
LAS,BUF,481
LAS,BUR,3896
LAS,BWI,1844
LAS,BZN,113
LAS,CID,125
LAS,CLE,974
LAS,CLT,2039
LAS,CMH,994
LAS,COS,424
LAS,CVG,905
LAS,DAL,1761
LAS,DCA,361
LAS,DEN,6952
LAS,DFW,5093
LAS,DSM,572
LAS,DTW,3350
LAS,ELP,923
LAS,EUG,127
LAS,EWR,2671
LAS,FAR,177
LAS,FAT,592
LAS,FCA,107
LAS,FLL,1139
LAS,FSD,198
LAS,GEG,828
LAS,GFK,105
LAS,GJT,108
LAS,GRI,114
LAS,GRR,170
LAS,GSP,58
LAS,GTF,111
LAS,HNL,968
LAS,HOU,1822
LAS,IAD,959
LAS,IAH,3105
LAS,ICT,469
LAS,IDA,106
LAS,IND,1486
LAS,JAX,181
LAS,JFK,3425
LAS,LAX,11718
LAS,LBB,371
LAS,LGB,2132
LAS,LIT,374
LAS,LRD,113
LAS,MAF,452
LAS,MCI,1711
LAS,MCO,1389
LAS,MDW,2844
LAS,MEM,202
LAS,MFE,376
LAS,MFR,122
LAS,MIA,920
LAS,MKE,1068
LAS,MLI,105
LAS,MOT,163
LAS,MRY,118
LAS,MSN,150
LAS,MSO,106
LAS,MSP,2751
LAS,MSY,1001
LAS,OAK,4784
LAS,OGG,10
LAS,OKC,819
LAS,OMA,1163
LAS,ONT,1405
LAS,ORD,4866
LAS,ORF,112
LAS,PDX,3408
LAS,PHL,1771
LAS,PHX,5515
LAS,PIA,117
LAS,PIT,840
LAS,PSC,130
LAS,RAP,125
LAS,RDM,28
LAS,RDU,713
LAS,RFD,104
LAS,RNO,3665
LAS,RSW,34
LAS,SAN,5038
LAS,SAT,1695
LAS,SBN,104
LAS,SCK,603
LAS,SDF,419
LAS,SEA,7004
LAS,SFO,7786
LAS,SGF,118
LAS,SHV,116
LAS,SJC,3818
LAS,SLC,3483
LAS,SMF,3616
LAS,SMX,193
LAS,SNA,3252
LAS,STL,1609
LAS,TPA,1200
LAS,TUL,529
LAS,TUS,1123
LAS,TYS,106
LAS,XNA,118
LAW,DFW,1335
LAX,ABQ,911
LAX,ACV,577
LAX,ANC,464
LAX,ASE,923
LAX,ATL,6330
LAX,AUS,4059
LAX,BDL,252
LAX,BIL,20
LAX,BLI,155
LAX,BNA,2196
LAX,BOI,1284
LAX,BOS,5184
LAX,BUF,283
LAX,BWI,2086
LAX,BZN,446
LAX,CID,20
LAX,CLE,958
LAX,CLT,2429
LAX,CMH,915
LAX,COS,756
LAX,CVG,845
LAX,DAL,2717
LAX,DCA,1457
LAX,DEN,7310
LAX,DFW,7340
LAX,DRO,13
LAX,DSM,20
LAX,DTW,2717
LAX,EGE,131
LAX,ELP,703
LAX,EUG,1328
LAX,EWR,4952
LAX,FAR,20
LAX,FAT,2371
LAX,FCA,116
LAX,FLG,15
LAX,FLL,2067
LAX,FSD,20
LAX,GEG,3
LAX,GJT,20
LAX,HDN,102
LAX,HNL,5868
LAX,HOU,1727
LAX,IAD,3600
LAX,IAH,4689
LAX,ICT,20
LAX,IDA,24
LAX,IND,1020
LAX,ITO,284
LAX,JAC,339
LAX,JFK,12862
LAX,KOA,1858
LAX,LAS,11722
LAX,LIH,1837
LAX,LIT,20
LAX,MCI,1988
LAX,MCO,3023
LAX,MDW,1983
LAX,MEM,400
LAX,MFE,29
LAX,MFR,1253
LAX,MIA,2788
LAX,MKE,337
LAX,MMH,364
LAX,MRY,1418
LAX,MSN,278
LAX,MSO,100
LAX,MSP,2891
LAX,MSY,2540
LAX,MTJ,66
LAX,OAK,5035
LAX,OGG,3349
LAX,OKC,66
LAX,OMA,258
LAX,ORD,7991
LAX,PDX,5040
LAX,PHL,3003
LAX,PHX,6732
LAX,PIT,467
LAX,PRC,368
LAX,PSC,295
LAX,PSP,373
LAX,PVU,105
LAX,RAP,22
LAX,RDD,300
LAX,RDM,810
LAX,RDU,845
LAX,RNO,2253
LAX,SAN,2727
LAX,SAT,1811
LAX,SBA,1136
LAX,SBN,1
LAX,SBP,1228
LAX,SCK,274
LAX,SDF,251
LAX,SEA,8650
LAX,SFO,14630
LAX,SGF,100
LAX,SGU,262
LAX,SJC,5159
LAX,SLC,5569
LAX,SMF,4752
LAX,STL,1696
LAX,STS,966
LAX,SUN,202
LAX,TPA,604
LAX,TUL,106
LAX,TUS,2653
LAX,XNA,20
LBB,AUS,336
LBB,DAL,1648
LBB,DEN,604
LBB,DFW,2562
LBB,HOU,45
LBB,IAH,1171
LBB,LAS,371
LBB,PHX,359
LBE,FLL,306
LBE,MCO,364
LBE,MYR,297
LBE,RSW,87
LBE,TPA,65
LBF,DEN,625
LBL,DEN,313
LBL,PUB,312
LCH,DFW,1007
LCH,IAH,970
LCK,CHS,20
LCK,FLL,105
LCK,JAX,24
LCK,MYR,108
LCK,PGD,179
LCK,PIE,170
LCK,SAV,125
LCK,SFB,177
LCK,SRQ,79
LCK,VPS,48
LEX,ATL,2618
LEX,CLT,916
LEX,DCA,286
LEX,DFW,953
LEX,DTW,1319
LEX,EWR,12
LEX,FLL,142
LEX,IAD,94
LEX,IAH,239
LEX,LGA,312
LEX,MSP,188
LEX,MYR,26
LEX,ORD,1421
LEX,PGD,188
LEX,PIE,149
LEX,SFB,270
LEX,VPS,20
LFT,ATL,1406
LFT,DEN,91
LFT,DFW,1676
LFT,IAH,1993
LFT,MCO,63
LGA,ACK,252
LGA,AGS,16
LGA,ATL,9517
LGA,AVL,87
LGA,BGR,1323
LGA,BHM,812
LGA,BNA,4675
LGA,BOS,10309
LGA,BTV,741
LGA,BUF,1276
LGA,BZN,10
LGA,CAE,689
LGA,CAK,312
LGA,CHA,331
LGA,CHO,1411
LGA,CHS,1299
LGA,CLE,4692
LGA,CLT,5929
LGA,CMH,3820
LGA,CVG,2703
LGA,DAB,39
LGA,DAL,1714
LGA,DAY,971
LGA,DCA,6691
LGA,DEN,4350
LGA,DFW,6584
LGA,DSM,570
LGA,DTW,5010
LGA,EGE,15
LGA,EYW,30
LGA,FLL,4852
LGA,GRR,902
LGA,GSO,2546
LGA,GSP,798
LGA,HHH,14
LGA,HOU,1045
LGA,IAD,1044
LGA,IAH,4245
LGA,ILM,990
LGA,IND,2298
LGA,JAC,19
LGA,JAX,1033
LGA,LEX,311
LGA,MCI,2189
LGA,MCO,3931
LGA,MDW,2162
LGA,MEM,1465
LGA,MHT,305
LGA,MIA,5744
LGA,MKE,2234
LGA,MSN,829
LGA,MSP,2962
LGA,MSY,1401
LGA,MTJ,3
LGA,MVY,133
LGA,MYR,732
LGA,OMA,766
LGA,ORD,14699
LGA,ORF,2778
LGA,PBI,2691
LGA,PHL,1114
LGA,PIT,4497
LGA,PWM,1687
LGA,RDU,4857
LGA,RIC,3097
LGA,ROA,354
LGA,ROC,1266
LGA,RSW,992
LGA,SAT,4
LGA,SAV,1038
LGA,SDF,1674
LGA,SRQ,362
LGA,STL,4082
LGA,SYR,944
LGA,TPA,2018
LGA,TVC,72
LGA,TYS,1421
LGA,XNA,887
LGB,AUS,365
LGB,BOS,412
LGB,BZN,64
LGB,DEN,190
LGB,FLL,7
LGB,HDN,26
LGB,HNL,365
LGB,JFK,678
LGB,LAS,2132
LGB,OAK,2207
LGB,PDX,365
LGB,PHX,1051
LGB,RNO,365
LGB,SEA,655
LGB,SFO,711
LGB,SJC,1742
LGB,SLC,2328
LGB,SMF,2155
LIH,DEN,365
LIH,HNL,6948
LIH,KOA,380
LIH,LAX,1837
LIH,OAK,540
LIH,OGG,1203
LIH,PDX,213
LIH,PHX,360
LIH,SAN,253
LIH,SEA,974
LIH,SFO,692
LIH,SJC,298
LIT,ATL,2235
LIT,CLT,1412
LIT,DAL,1030
LIT,DCA,365
LIT,DEN,874
LIT,DFW,3017
LIT,DTW,225
LIT,IAH,1960
LIT,LAS,374
LIT,LAX,21
LIT,MCO,35
LIT,ORD,1650
LIT,PHX,290
LIT,SFB,106
LIT,STL,639
LIT,VPS,32
LNK,ATL,274
LNK,CMH,1
LNK,DEN,673
LNK,MSP,995
LNK,ORD,268
LRD,DFW,1562
LRD,IAH,999
LRD,LAS,113
LSE,DTW,305
LSE,MSP,731
LSE,ORD,1163
LWB,IAD,288
LWB,ORD,377
LWS,SLC,990
LYH,CLT,915
MAF,DAL,1587
MAF,DEN,911
MAF,DFW,2651
MAF,HOU,1227
MAF,IAH,2426
MAF,LAS,452
MAF,PHX,364
MBS,APN,1
MBS,DTW,1264
MBS,MSP,290
MBS,ORD,1013
MCI,ABQ,340
MCI,ATL,3922
MCI,AUS,348
MCI,BNA,1237
MCI,BOS,840
MCI,BWI,937
MCI,CLT,1391
MCI,CVG,520
MCI,DAL,2106
MCI,DCA,1585
MCI,DEN,3918
MCI,DFW,2552
MCI,DTW,1641
MCI,EWR,1275
MCI,FLL,562
MCI,HOU,997
MCI,IAD,715
MCI,IAH,1586
MCI,IND,631
MCI,LAS,1721
MCI,LAX,1981
MCI,LGA,2190
MCI,MCO,1270
MCI,MDW,2588
MCI,MIA,703
MCI,MKE,594
MCI,MSP,2395
MCI,MSY,380
MCI,MYR,36
MCI,OAK,316
MCI,ORD,3787
MCI,PDX,494
MCI,PGD,81
MCI,PHL,1003
MCI,PHX,1920
MCI,PIE,59
MCI,PNS,26
MCI,RDU,327
MCI,RSW,125
MCI,SAN,920
MCI,SAT,343
MCI,SEA,911
MCI,SFB,26
MCI,SFO,898
MCI,SLC,1000
MCI,STL,1158
MCI,TPA,496
MCI,VPS,57
MCO,ABQ,60
MCO,ACY,727
MCO,ALB,1136
MCO,ATL,9370
MCO,AUS,1680
MCO,AVL,213
MCO,BDL,2695
MCO,BHM,801
MCO,BMI,146
MCO,BNA,2131
MCO,BOS,4342
MCO,BQN,897
MCO,BTV,49
MCO,BUF,1684
MCO,BWI,4446
MCO,CAK,327
MCO,CLE,1418
MCO,CLT,4155
MCO,CMH,1734
MCO,COS,176
MCO,CVG,1383
MCO,DAL,1676
MCO,DCA,3788
MCO,DEN,3591
MCO,DFW,4441
MCO,DSM,63
MCO,DTW,3710
MCO,EWR,6909
MCO,FLL,2060
MCO,GRB,21
MCO,GRR,365
MCO,GSO,213
MCO,GSP,79
MCO,HOU,1600
MCO,HPN,1170
MCO,HSV,140
MCO,IAD,1876
MCO,IAH,3289
MCO,IND,2139
MCO,ISP,1389
MCO,JAN,100
MCO,JFK,4559
MCO,LAS,1411
MCO,LAX,3019
MCO,LBE,364
MCO,LFT,63
MCO,LGA,3929
MCO,LIT,34
MCO,MCI,1278
MCO,MDT,163
MCO,MDW,2684
MCO,MEM,620
MCO,MHT,633
MCO,MIA,2615
MCO,MKE,1402
MCO,MSN,68
MCO,MSP,2177
MCO,MSY,1994
MCO,MYR,103
MCO,OAK,213
MCO,OKC,103
MCO,OMA,123
MCO,ONT,325
MCO,ORD,4803
MCO,ORF,593
MCO,ORH,365
MCO,PDX,365
MCO,PHL,5834
MCO,PHX,1424
MCO,PIT,1871
MCO,PSE,507
MCO,PSM,80
MCO,PVD,2098
MCO,PWM,181
MCO,RDU,2610
MCO,RIC,983
MCO,ROC,376
MCO,SAN,640
MCO,SAT,766
MCO,SDF,559
MCO,SEA,1031
MCO,SFO,1343
MCO,SJC,208
MCO,SJU,5278
MCO,SLC,1306
MCO,SMF,218
MCO,STL,1980
MCO,STT,157
MCO,SWF,361
MCO,SYR,545
MCO,TTN,486
MCO,TUL,28
MCO,TYS,29
MDT,ATL,1019
MDT,BNA,60
MDT,CLT,1145
MDT,DEN,85
MDT,DFW,208
MDT,DTW,733
MDT,IAD,60
MDT,MCO,163
MDT,MYR,40
MDT,ORD,2103
MDT,PGD,123
MDT,PHL,3
MDT,PIE,146
MDT,SFB,326
MDT,SRQ,78
MDW,ABQ,600
MDW,ALB,692
MDW,ATL,4236
MDW,AUS,1179
MDW,BDL,886
MDW,BHM,674
MDW,BNA,2335
MDW,BOI,8
MDW,BOS,1485
MDW,BUF,957
MDW,BUR,362
MDW,BWI,2395
MDW,CHS,668
MDW,CLE,1599
MDW,CLT,911
MDW,CMH,1937
MDW,CVG,1586
MDW,DAL,2482
MDW,DCA,2170
MDW,DEN,3108
MDW,DTW,2291
MDW,EWR,1555
MDW,FLL,1401
MDW,GRR,979
MDW,HOU,2198
MDW,IND,481
MDW,JAX,369
MDW,LAS,2763
MDW,LAX,2015
MDW,LGA,2163
MDW,MCI,2602
MDW,MCO,2696
MDW,MEM,661
MDW,MHT,806
MDW,MSP,4442
MDW,MSY,1194
MDW,OAK,1065
MDW,OKC,359
MDW,OMA,1537
MDW,ONT,365
MDW,ORF,488
MDW,PBI,5
MDW,PDX,414
MDW,PHL,1856
MDW,PHX,2393
MDW,PIT,1613
MDW,PNS,57
MDW,PVD,840
MDW,PWM,16
MDW,RDU,1246
MDW,RNO,221
MDW,RSW,1317
MDW,SAN,1343
MDW,SAT,802
MDW,SDF,1134
MDW,SEA,774
MDW,SFO,614
MDW,SJC,526
MDW,SJU,202
MDW,SLC,764
MDW,SMF,417
MDW,STL,2404
MDW,TPA,1704
MDW,TUS,379
MEI,DFW,366
MEI,ORD,363
MEI,PIB,246
MEM,ATL,3597
MEM,AUS,54
MEM,BWI,481
MEM,CLT,2186
MEM,DAL,983
MEM,DCA,1085
MEM,DEN,1042
MEM,DFW,2834
MEM,DTW,772
MEM,EWR,546
MEM,FLL,136
MEM,HOU,649
MEM,IAH,1785
MEM,LAS,202
MEM,LAX,400
MEM,LGA,1466
MEM,MCO,620
MEM,MDW,682
MEM,MIA,728
MEM,MSP,1014
MEM,OAK,10
MEM,ORD,2320
MEM,PGD,14
MEM,PHL,847
MEM,PHX,722
MEM,PIE,107
MEM,SFB,124
MEM,TPA,344
MEM,VPS,32
MFE,DFW,2751
MFE,IAH,2331
MFE,LAS,376
MFE,LAX,29
MFE,SFB,81
MFR,DEN,546
MFR,LAS,122
MFR,LAX,1254
MFR,PHX,362
MFR,SEA,104
MFR,SFO,1457
MFR,SLC,202
MGM,ATL,2283
MGM,CLT,103
MGM,DCA,331
MGM,DFW,1006
MHK,DFW,1037
MHK,ORD,946
MHT,ATL,269
MHT,BWI,1948
MHT,CLT,1283
MHT,DCA,1045
MHT,DTW,80
MHT,EWR,112
MHT,IAD,317
MHT,LGA,305
MHT,MCO,643
MHT,MDW,812
MHT,ORD,399
MHT,PHL,506
MHT,TPA,423
MIA,AGS,8
MIA,ATL,7005
MIA,AUS,1036
MIA,BDL,391
MIA,BHM,735
MIA,BNA,1016
MIA,BOS,2249
MIA,BUF,81
MIA,BWI,744
MIA,CAE,14
MIA,CHS,1323
MIA,CLE,971
MIA,CLT,2659
MIA,CMH,1258
MIA,CVG,1107
MIA,DCA,3171
MIA,DEN,1427
MIA,DFW,3728
MIA,DTW,1419
MIA,EGE,105
MIA,EWR,2957
MIA,EYW,1635
MIA,GNV,631
MIA,GRR,93
MIA,GSO,621
MIA,GSP,716
MIA,HOU,79
MIA,IAD,225
MIA,IAH,3200
MIA,IND,1082
MIA,JAX,1869
MIA,JFK,3567
MIA,LAS,921
MIA,LAX,2784
MIA,LGA,5742
MIA,MCI,703
MIA,MCO,2616
MIA,MEM,729
MIA,MSP,1387
MIA,MSY,1410
MIA,OKC,14
MIA,OMA,93
MIA,ORD,4121
MIA,ORF,1219
MIA,PHL,2523
MIA,PHX,1106
MIA,PIT,1036
MIA,PNS,1100
MIA,PVD,80
MIA,RDU,1254
MIA,RIC,700
MIA,RSW,158
MIA,SAN,357
MIA,SAT,404
MIA,SAV,730
MIA,SDF,741
MIA,SEA,376
MIA,SFO,1364
MIA,SJU,2074
MIA,STL,799
MIA,STT,675
MIA,STX,629
MIA,TLH,1323
MIA,TPA,2180
MIA,TYS,730
MIA,XNA,14
MKE,ATL,3123
MKE,BNA,666
MKE,BOS,968
MKE,BWI,998
MKE,CLE,529
MKE,CLT,1749
MKE,DAL,359
MKE,DCA,677
MKE,DEN,2377
MKE,DFW,1273
MKE,DTW,1857
MKE,ESC,1
MKE,EWR,888
MKE,FLL,183
MKE,HOU,365
MKE,IAH,731
MKE,LAS,1103
MKE,LAX,333
MKE,LGA,2232
MKE,MCI,595
MKE,MCO,1397
MKE,MSP,1927
MKE,ORD,1807
MKE,PGD,30
MKE,PHL,77
MKE,PHX,1592
MKE,PIE,41
MKE,RDU,45
MKE,RSW,531
MKE,SAN,34
MKE,SEA,720
MKE,SFB,45
MKE,SFO,58
MKE,SLC,244
MKE,STL,669
MKE,TPA,652
MKG,ORD,727
MLB,ATL,1437
MLB,CLT,1094
MLB,DCA,35
MLB,DTW,1
MLB,PHL,51
MLI,ATL,1046
MLI,DEN,47
MLI,DFW,721
MLI,DTW,678
MLI,LAS,105
MLI,MSP,491
MLI,ORD,1418
MLI,PGD,40
MLI,PIE,92
MLI,SFB,102
MLU,ATL,1329
MLU,DFW,925
MLU,IAH,684
MMH,DEN,102
MMH,LAX,364
MMH,SFO,102
MOB,ATL,2389
MOB,CLT,128
MOB,DFW,1276
MOB,IAH,1638
MOT,ABR,1
MOT,DEN,270
MOT,LAS,163
MOT,MSP,1696
MQT,DTW,620
MQT,MSP,365
MQT,ORD,427
MRY,DEN,155
MRY,DFW,284
MRY,LAS,118
MRY,LAX,1418
MRY,PHX,1237
MRY,SAN,365
MRY,SFO,722
MSN,ATL,1184
MSN,BNA,1
MSN,BOS,4
MSN,CLE,1
MSN,CLT,739
MSN,CMH,3
MSN,CVG,1
MSN,DCA,289
MSN,DEN,1046
MSN,DFW,1062
MSN,DTW,1554
MSN,EWR,384
MSN,IAD,2
MSN,IAH,2
MSN,LAS,150
MSN,LAX,278
MSN,LGA,829
MSN,MCO,68
MSN,MSP,1826
MSN,ORD,3061
MSN,PHL,675
MSN,PHX,190
MSN,RDU,2
MSN,SEA,1
MSN,SFO,396
MSN,SLC,302
MSO,ATL,13
MSO,DEN,896
MSO,DFW,377
MSO,LAS,106
MSO,LAX,100
MSO,MSP,546
MSO,OAK,32
MSO,ORD,104
MSO,SFO,121
MSO,SLC,1095
MSP,ABQ,212
MSP,ABR,750
MSP,ALB,262
MSP,ANC,527
MSP,ASE,24
MSP,ATL,4618
MSP,ATW,1272
MSP,AUS,1028
MSP,AZO,495
MSP,BDL,1291
MSP,BIL,876
MSP,BIS,2079
MSP,BJI,742
MSP,BNA,1960
MSP,BOI,733
MSP,BOS,3010
MSP,BRD,636
MSP,BUF,335
MSP,BWI,2091
MSP,BZN,889
MSP,CHA,1
MSP,CHS,50
MSP,CID,1167
MSP,CIU,365
MSP,CLE,1422
MSP,CLT,2625
MSP,CMH,1078
MSP,COS,85
MSP,CVG,1744
MSP,CWA,933
MSP,DAL,359
MSP,DAY,1001
MSP,DCA,2931
MSP,DEN,5820
MSP,DFW,4272
MSP,DLH,1806
MSP,DSM,1671
MSP,DTW,3115
MSP,EWR,3423
MSP,FAI,102
MSP,FAR,2261
MSP,FCA,444
MSP,FLL,618
MSP,FSD,2204
MSP,FWA,353
MSP,GEG,834
MSP,GFK,1888
MSP,GRB,1306
MSP,GRR,1627
MSP,GTF,365
MSP,HDN,85
MSP,HIB,626
MSP,HLN,329
MSP,HNL,203
MSP,HRL,93
MSP,IAD,1643
MSP,IAH,3638
MSP,ICT,1006
MSP,IDA,13
MSP,IMT,365
MSP,IND,1667
MSP,INL,648
MSP,ISN,627
MSP,JAC,110
MSP,JAX,280
MSP,JFK,1418
MSP,LAN,362
MSP,LAS,2752
MSP,LAX,2888
MSP,LEX,189
MSP,LGA,2960
MSP,LNK,995
MSP,LSE,731
MSP,MBS,290
MSP,MCI,2426
MSP,MCO,2179
MSP,MDW,4413
MSP,MEM,1014
MSP,MIA,1386
MSP,MKE,1927
MSP,MLI,491
MSP,MOT,1696
MSP,MQT,365
MSP,MSN,1828
MSP,MSO,546
MSP,MSY,586
MSP,MYR,74
MSP,OAK,178
MSP,OKC,732
MSP,OMA,2013
MSP,ORD,7489
MSP,ORF,238
MSP,PBI,9
MSP,PDX,1692
MSP,PHL,2414
MSP,PHX,3926
MSP,PIA,293
MSP,PIT,1318
MSP,PSC,513
MSP,PSP,131
MSP,RAP,1542
MSP,RDU,1207
MSP,RHI,806
MSP,RIC,687
MSP,RNO,25
MSP,ROC,316
MSP,RST,1306
MSP,RSW,1193
MSP,SAN,1717
MSP,SAT,906
MSP,SAV,42
MSP,SBN,666
MSP,SDF,951
MSP,SEA,3044
MSP,SFO,2532
MSP,SJC,647
MSP,SJU,21
MSP,SLC,1959
MSP,SMF,591
MSP,SNA,965
MSP,STL,2703
MSP,SYR,243
MSP,TPA,1140
MSP,TTN,113
MSP,TUL,496
MSP,TUS,166
MSP,TVC,424
MSP,TYS,349
MSP,XNA,547
MSY,ATL,5320
MSY,AUS,1334
MSY,BNA,1473
MSY,BOS,959
MSY,BWI,1560
MSY,CLE,139
MSY,CLT,2356
MSY,CMH,111
MSY,CVG,136
MSY,DAL,2499
MSY,DCA,2164
MSY,DEN,2513
MSY,DFW,2943
MSY,DTW,1420
MSY,EWR,1990
MSY,FLL,1963
MSY,GRR,26
MSY,HOU,3252
MSY,IAD,799
MSY,IAH,3166
MSY,IND,63
MSY,JFK,1919
MSY,LAS,1001
MSY,LAX,2529
MSY,LGA,1401
MSY,MCI,402
MSY,MCO,1975
MSY,MDW,1229
MSY,MIA,1415
MSY,MSP,586
MSY,OAK,353
MSY,ORD,2051
MSY,PHL,1159
MSY,PHX,437
MSY,PIT,75
MSY,RDU,441
MSY,SAN,391
MSY,SAT,580
MSY,SDF,46
MSY,SEA,571
MSY,SFO,808
MSY,SJC,23
MSY,SLC,336
MSY,SMF,14
MSY,STL,749
MSY,TPA,1383
MTJ,ATL,38
MTJ,CLT,13
MTJ,DEN,463
MTJ,DFW,658
MTJ,EWR,74
MTJ,IAH,196
MTJ,LAX,66
MTJ,LGA,3
MTJ,ORD,85
MTJ,PHX,180
MTJ,SFO,53
MTJ,SLC,10
MVY,BOS,95
MVY,DCA,109
MVY,JFK,215
MVY,LGA,133
MYR,ABE,103
MYR,ACY,358
MYR,ALB,43
MYR,ATL,1355
MYR,BDL,260
MYR,BLV,22
MYR,BOS,375
MYR,BWI,387
MYR,CKB,32
MYR,CLE,223
MYR,CLT,2857
MYR,CMH,102
MYR,CRW,36
MYR,CVG,61
MYR,DCA,329
MYR,DEN,53
MYR,DFW,268
MYR,DTW,358
MYR,EWR,502
MYR,FLL,439
MYR,FWA,22
MYR,HGR,20
MYR,HTS,52
MYR,IAG,162
MYR,IAH,36
MYR,IND,80
MYR,ISP,115
MYR,LBE,297
MYR,LCK,108
MYR,LEX,26
MYR,LGA,732
MYR,MCI,36
MYR,MCO,103
MYR,MDT,40
MYR,MSP,74
MYR,ORD,374
MYR,PHL,820
MYR,PIT,265
MYR,PSM,26
MYR,SDF,20
MYR,SWF,50
MYR,SYR,37
MYR,TTN,96
OAJ,ATL,1302
OAJ,CLT,1567
OAK,ABQ,858
OAK,ATL,481
OAK,AUS,346
OAK,BLI,216
OAK,BNA,365
OAK,BOI,722
OAK,BOS,47
OAK,BUR,4350
OAK,BWI,399
OAK,CMH,183
OAK,DAL,661
OAK,DEN,1699
OAK,DFW,156
OAK,DTW,126
OAK,EUG,133
OAK,EWR,124
OAK,FCA,26
OAK,GEG,725
OAK,HNL,1148
OAK,HOU,859
OAK,IAH,176
OAK,IDA,26
OAK,IND,176
OAK,JFK,268
OAK,KOA,316
OAK,LAS,4790
OAK,LAX,5037
OAK,LGB,2215
OAK,LIH,540
OAK,MCI,321
OAK,MCO,189
OAK,MDW,1028
OAK,MEM,10
OAK,MSO,32
OAK,MSP,177
OAK,MSY,353
OAK,OGG,1230
OAK,ONT,2365
OAK,ORD,166
OAK,PDX,2565
OAK,PHX,3303
OAK,PSP,19
OAK,RNO,690
OAK,SAN,4021
OAK,SAT,251
OAK,SEA,3527
OAK,SLC,2691
OAK,SNA,2500
OAK,STL,302
OAK,TUS,11
OGG,ANC,100
OGG,BLI,56
OGG,DEN,370
OGG,DFW,543
OGG,HNL,10738
OGG,ITO,732
OGG,KOA,1095
OGG,LAS,10
OGG,LAX,3350
OGG,LIH,1202
OGG,OAK,1228
OGG,ORD,193
OGG,PDX,1056
OGG,PHX,499
OGG,SAN,730
OGG,SEA,1506
OGG,SFO,2293
OGG,SJC,914
OGG,SLC,71
OGG,SMF,640
OGS,IAD,215
OGS,ORD,200
OGS,PIE,36
OGS,SFB,78
OKC,ATL,1991
OKC,BNA,53
OKC,BWI,361
OKC,CLT,896
OKC,DAL,1004
OKC,DCA,676
OKC,DEN,2713
OKC,DFW,3186
OKC,DTW,515
OKC,EWR,282
OKC,HOU,1311
OKC,IAD,365
OKC,IAH,2834
OKC,LAS,823
OKC,LAX,66
OKC,MCO,103
OKC,MDW,357
OKC,MIA,13
OKC,MSP,732
OKC,ORD,1992
OKC,PHL,508
OKC,PHX,1297
OKC,SEA,57
OKC,SFB,67
OKC,SFO,365
OKC,SJC,1
OKC,SLC,749
OKC,STL,679
OKC,VPS,131
OMA,ATL,1715
OMA,BNA,26
OMA,CLT,1061
OMA,DAL,453
OMA,DCA,651
OMA,DEN,2597
OMA,DFW,1413
OMA,DTW,951
OMA,EWR,905
OMA,HOU,365
OMA,IAH,1197
OMA,LAS,1180
OMA,LAX,257
OMA,LGA,761
OMA,MCO,123
OMA,MDW,1530
OMA,MIA,93
OMA,MSP,2009
OMA,ORD,3281
OMA,PDX,104
OMA,PGD,45
OMA,PHL,540
OMA,PHX,1298
OMA,PIE,55
OMA,RSW,55
OMA,SAN,475
OMA,SEA,365
OMA,SFB,104
OMA,SFO,544
OMA,SLC,779
OMA,STL,924
OMA,VPS,29
OME,ANC,669
OME,OTZ,53
ONT,ATL,378
ONT,AUS,93
ONT,DAL,369
ONT,DEN,1769
ONT,DFW,2042
ONT,IAH,209
ONT,JFK,350
ONT,LAS,1401
ONT,MCO,324
ONT,MDW,365
ONT,OAK,2392
ONT,ORD,24
ONT,PDX,551
ONT,PHX,3842
ONT,SAT,78
ONT,SEA,934
ONT,SFO,2540
ONT,SJC,1570
ONT,SLC,1014
ONT,SMF,2363
ORD,ABE,858
ORD,ABQ,1087
ORD,AGS,8
ORD,ALB,2083
ORD,ALO,700
ORD,ANC,577
ORD,ASE,854
ORD,ATL,7663
ORD,ATW,1001
ORD,ATY,122
ORD,AUS,2989
ORD,AVL,1146
ORD,AVP,944
ORD,AZO,962
ORD,BDL,2606
ORD,BFM,57
ORD,BGR,259
ORD,BHM,1593
ORD,BIL,73
ORD,BIS,312
ORD,BMI,933
ORD,BNA,5346
ORD,BOI,988
ORD,BOS,7689
ORD,BRO,31
ORD,BTV,1278
ORD,BUF,2309
ORD,BWI,3073
ORD,BZN,720
ORD,CAK,1015
ORD,CGI,337
ORD,CHA,414
ORD,CHO,960
ORD,CHS,1307
ORD,CID,2499
ORD,CKB,365
ORD,CLE,5107
ORD,CLT,5003
ORD,CMH,5072
ORD,CMI,1707
ORD,CMX,728
ORD,COD,8
ORD,COS,1137
ORD,COU,1183
ORD,CRW,312
ORD,CVG,5576
ORD,CWA,1017
ORD,DAY,1892
ORD,DBQ,1049
ORD,DCA,8027
ORD,DEN,6319
ORD,DFW,7616
ORD,DLH,1572
ORD,DRO,32
ORD,DSM,3330
ORD,DTW,6806
ORD,EAR,28
ORD,EAU,728
ORD,EGE,226
ORD,ELP,965
ORD,ERI,208
ORD,EUG,191
ORD,EVV,845
ORD,EWR,5508
ORD,EYW,313
ORD,FAI,159
ORD,FAR,1333
ORD,FAT,261
ORD,FCA,262
ORD,FLL,2610
ORD,FNT,1556
ORD,FSD,1303
ORD,FWA,2218
ORD,GEG,365
ORD,GJT,17
ORD,GRB,2067
ORD,GRR,3645
ORD,GSO,1008
ORD,GSP,1244
ORD,GTF,75
ORD,HDN,117
ORD,HHH,40
ORD,HNL,472
ORD,HPN,952
ORD,HRL,90
ORD,HSV,772
ORD,IAD,1781
ORD,IAH,5198
ORD,ICT,2024
ORD,ILM,105
ORD,IND,5014
ORD,JAC,745
ORD,JAN,166
ORD,JAX,2092
ORD,JFK,3011
ORD,JLN,402
ORD,LAN,1029
ORD,LAS,4869
ORD,LAX,7991
ORD,LEX,1485
ORD,LGA,14702
ORD,LIT,1872
ORD,LNK,362
ORD,LSE,1163
ORD,LWB,377
ORD,MBS,1013
ORD,MCI,3891
ORD,MCO,4799
ORD,MDT,2103
ORD,MEI,365
ORD,MEM,2212
ORD,MHK,946
ORD,MHT,399
ORD,MIA,4127
ORD,MKE,1808
ORD,MKG,727
ORD,MLI,1417
ORD,MQT,427
ORD,MSN,3081
ORD,MSO,104
ORD,MSP,7482
ORD,MSY,2166
ORD,MTJ,87
ORD,MYR,374
ORD,OAK,166
ORD,OGG,193
ORD,OGS,200
ORD,OKC,2004
ORD,OMA,3201
ORD,ONT,25
ORD,ORF,1618
ORD,PAH,682
ORD,PBI,867
ORD,PDX,2216
ORD,PHL,5092
ORD,PHX,5371
ORD,PIA,1180
ORD,PIT,3907
ORD,PNS,403
ORD,PSP,725
ORD,PVD,1342
ORD,PWM,849
ORD,RAP,514
ORD,RDM,143
ORD,RDU,3226
ORD,RIC,2566
ORD,RNO,534
ORD,ROA,395
ORD,ROC,2608
ORD,RST,1623
ORD,RSW,2633
ORD,SAN,3189
ORD,SAT,1927
ORD,SAV,1059
ORD,SBN,1087
ORD,SCE,751
ORD,SDF,1700
ORD,SEA,5670
ORD,SFO,6352
ORD,SGF,1661
ORD,SHD,318
ORD,SJC,1109
ORD,SJU,739
ORD,SLC,3347
ORD,SLN,313
ORD,SMF,1149
ORD,SNA,2415
ORD,SPI,997
ORD,SRQ,615
ORD,STL,2878
ORD,STT,28
ORD,SUN,21
ORD,SUX,974
ORD,SYR,2787
ORD,TOL,1009
ORD,TPA,2988
ORD,TTN,198
ORD,TUL,1847
ORD,TUS,1005
ORD,TVC,1887
ORD,TYS,1974
ORD,UIN,627
ORD,VPS,26
ORD,XNA,2444
ORF,ATL,2936
ORF,BNA,50
ORF,BOS,251
ORF,BWI,1543
ORF,CLE,20
ORF,CLT,2938
ORF,CVG,20
ORF,DCA,1031
ORF,DEN,522
ORF,DFW,793
ORF,DTW,736
ORF,EWR,802
ORF,FLL,100
ORF,IAD,1195
ORF,IAH,612
ORF,JAX,75
ORF,JFK,1924
ORF,LAS,113
ORF,LGA,2778
ORF,MCO,578
ORF,MDW,490
ORF,MIA,1221
ORF,MSP,238
ORF,ORD,1622
ORF,PGD,15
ORF,PHL,1865
ORF,PHX,17
ORF,PIE,109
ORF,SAN,9
ORF,SFB,111
ORF,TPA,34
ORH,DTW,145
ORH,FLL,365
ORH,JFK,365
ORH,MCO,364
ORH,PBI,1
OTH,DEN,34
OTH,SFO,349
OTZ,ANC,413
OTZ,OME,307
OWB,SFB,102
PAE,DEN,547
PAE,SFO,1077
PAH,CGI,614
PAH,ORD,681
PBI,ACY,168
PBI,ATL,4135
PBI,AVL,11
PBI,BDL,431
PBI,BOS,2086
PBI,BWI,1122
PBI,CLE,78
PBI,CLT,1909
PBI,CMH,35
PBI,CVG,12
PBI,DAL,5
PBI,DCA,1111
PBI,DEN,4
PBI,DFW,917
PBI,DTW,439
PBI,EWR,3213
PBI,HPN,1551
PBI,IAH,271
PBI,IND,12
PBI,ISP,975
PBI,JFK,1831
PBI,LGA,2689
PBI,MDW,5
PBI,MSP,9
PBI,ORD,866
PBI,PHL,1346
PBI,PIT,48
PBI,PVD,317
PBI,RDU,118
PBI,STL,49
PBI,TTN,273
PBI,TYS,14
PDX,ABQ,246
PDX,ANC,1104
PDX,ATL,1286
PDX,AUS,356
PDX,BOI,893
PDX,BOS,793
PDX,BUR,1187
PDX,BWI,99
PDX,BZN,70
PDX,CLT,347
PDX,DAL,865
PDX,DCA,364
PDX,DEN,3831
PDX,DFW,1782
PDX,DTW,488
PDX,EWR,1016
PDX,FAT,708
PDX,GEG,191
PDX,HNL,776
PDX,HOU,58
PDX,IAD,290
PDX,IAH,859
PDX,JFK,1278
PDX,KOA,213
PDX,LAS,3537
PDX,LAX,4962
PDX,LGB,365
PDX,LIH,213
PDX,MCI,485
PDX,MCO,365
PDX,MDW,413
PDX,MSP,1690
PDX,OAK,2531
PDX,OGG,1056
PDX,OMA,104
PDX,ONT,556
PDX,ORD,2215
PDX,PHL,157
PDX,PHX,2967
PDX,PSP,507
PDX,RNO,502
PDX,SAN,2157
PDX,SEA,2945
PDX,SFO,5128
PDX,SJC,3579
PDX,SLC,2776
PDX,SMF,1916
PDX,SNA,1452
PDX,STL,361
PDX,STS,82
PDX,TUS,320
PGD,ABE,180
PGD,ALB,180
PGD,ATW,46
PGD,AVL,178
PGD,BLV,151
PGD,BNA,123
PGD,CHS,15
PGD,CID,101
PGD,CLE,100
PGD,CVG,371
PGD,DAY,46
PGD,DSM,117
PGD,ELM,15
PGD,FNT,178
PGD,FSD,14
PGD,FWA,180
PGD,GRR,194
PGD,HTS,26
PGD,IAG,191
PGD,IND,282
PGD,LCK,178
PGD,LEX,188
PGD,MCI,81
PGD,MDT,123
PGD,MEM,14
PGD,MKE,30
PGD,MLI,40
PGD,OMA,45
PGD,ORF,15
PGD,PIA,171
PGD,PIT,178
PGD,PSM,151
PGD,PVD,101
PGD,RDU,94
PGD,RFD,162
PGD,ROC,43
PGD,SBN,166
PGD,SDF,140
PGD,SPI,107
PGD,STC,32
PGD,SWF,97
PGD,SYR,46
PGD,TOL,127
PGD,TVC,22
PGD,TYS,164
PGV,CLT,80
PHF,ATL,1054
PHF,CLT,1305
PHF,PHL,152
PHL,AGS,2
PHL,ALB,89
PHL,ART,244
PHL,ATL,6437
PHL,AUS,933
PHL,AVL,13
PHL,BDL,1262
PHL,BGR,177
PHL,BHM,820
PHL,BNA,2819
PHL,BOS,7703
PHL,BTV,544
PHL,BUF,521
PHL,BWI,211
PHL,CAK,726
PHL,CHA,242
PHL,CHS,776
PHL,CLE,763
PHL,CLT,3485
PHL,CMH,1810
PHL,CRW,342
PHL,CVG,2727
PHL,DAL,366
PHL,DAY,1448
PHL,DCA,1220
PHL,DEN,2856
PHL,DFW,3625
PHL,DSM,596
PHL,DTW,3074
PHL,EGE,2
PHL,EYW,52
PHL,FLL,2993
PHL,GRR,472
PHL,GSO,692
PHL,GSP,881
PHL,HOU,161
PHL,HVN,1030
PHL,IAD,13
PHL,IAH,2398
PHL,ILM,5
PHL,IND,1777
PHL,JAX,1231
PHL,JFK,43
PHL,LAS,1771
PHL,LAX,3002
PHL,LGA,1115
PHL,MCI,1001
PHL,MCO,5845
PHL,MDT,3
PHL,MDW,1856
PHL,MEM,849
PHL,MHT,506
PHL,MIA,2518
PHL,MKE,77
PHL,MLB,51
PHL,MSN,673
PHL,MSP,2415
PHL,MSY,1160
PHL,MYR,819
PHL,OKC,506
PHL,OMA,540
PHL,ORD,5056
PHL,ORF,1864
PHL,PBI,1345
PHL,PDX,157
PHL,PHF,411
PHL,PHX,2760
PHL,PIT,1910
PHL,PNS,577
PHL,PVD,1685
PHL,PWM,989
PHL,RDU,2847
PHL,RIC,108
PHL,ROC,258
PHL,RSW,1608
PHL,SAN,802
PHL,SAT,244
PHL,SAV,1062
PHL,SDF,907
PHL,SEA,1256
PHL,SFO,2352
PHL,SJU,1329
PHL,SLC,491
PHL,SRQ,153
PHL,STL,2408
PHL,STT,167
PHL,SYR,516
PHL,TPA,2997
PHL,TYS,488
PHL,XNA,116
PHX,ABQ,3507
PHX,AMA,122
PHX,ANC,200
PHX,ASE,156
PHX,ATL,3634
PHX,AUS,2833
PHX,BFL,1072
PHX,BNA,1257
PHX,BOI,1106
PHX,BOS,1691
PHX,BUF,349
PHX,BUR,3603
PHX,BWI,1363
PHX,CID,14
PHX,CLE,655
PHX,CLT,2893
PHX,CMH,1063
PHX,COS,382
PHX,CVG,398
PHX,DAL,2157
PHX,DCA,1083
PHX,DEN,7813
PHX,DFW,4624
PHX,DRO,862
PHX,DSM,918
PHX,DTW,2426
PHX,EGE,66
PHX,ELP,2813
PHX,EUG,363
PHX,EWR,2553
PHX,FAR,33
PHX,FAT,1762
PHX,FLG,1431
PHX,FLL,718
PHX,FSD,354
PHX,GEG,1054
PHX,GJT,877
PHX,GRR,184
PHX,HNL,938
PHX,HOU,1695
PHX,IAD,377
PHX,IAH,3059
PHX,ICT,379
PHX,IND,1319
PHX,JAC,75
PHX,JFK,2809
PHX,KOA,334
PHX,LAS,5547
PHX,LAX,6646
PHX,LBB,359
PHX,LGB,1051
PHX,LIH,360
PHX,LIT,290
PHX,MAF,364
PHX,MCI,1937
PHX,MCO,1435
PHX,MDW,2512
PHX,MEM,722
PHX,MFR,362
PHX,MIA,1107
PHX,MKE,1628
PHX,MRY,1237
PHX,MSN,192
PHX,MSP,3917
PHX,MSY,439
PHX,MTJ,180
PHX,OAK,3302
PHX,OGG,499
PHX,OKC,1287
PHX,OMA,1262
PHX,ONT,3852
PHX,ORD,5371
PHX,ORF,17
PHX,PDX,2977
PHX,PHL,2763
PHX,PIT,869
PHX,PSP,1948
PHX,RAP,115
PHX,RDM,362
PHX,RDU,612
PHX,RNO,2387
PHX,RSW,51
PHX,SAF,486
PHX,SAN,5505
PHX,SAT,2432
PHX,SBA,1460
PHX,SBP,1424
PHX,SDF,321
PHX,SEA,6208
PHX,SFO,4862
PHX,SGU,719
PHX,SJC,3950
PHX,SLC,4283
PHX,SMF,3699
PHX,SNA,4112
PHX,STL,1883
PHX,STS,351
PHX,TPA,1179
PHX,TUL,562
PHX,TUS,2608
PHX,YUM,1588
PIA,ATL,1032
PIA,CLT,729
PIA,DFW,732
PIA,LAS,117
PIA,MSP,293
PIA,ORD,1180
PIA,PGD,171
PIA,PIE,152
PIA,SFB,72
PIA,VPS,32
PIB,DFW,341
PIB,MEI,368
PIE,ABE,186
PIE,ALB,163
PIE,ATW,100
PIE,AVL,476
PIE,BGR,177
PIE,BLV,172
PIE,BMI,104
PIE,BNA,104
PIE,CHA,114
PIE,CID,135
PIE,CLE,86
PIE,CVG,382
PIE,DAY,70
PIE,DSM,134
PIE,ELM,101
PIE,FNT,198
PIE,FSD,71
PIE,FWA,196
PIE,GRR,364
PIE,GSO,107
PIE,GSP,136
PIE,HGR,26
PIE,HTS,190
PIE,IAG,136
PIE,IND,339
PIE,LCK,170
PIE,LEX,149
PIE,MCI,59
PIE,MDT,145
PIE,MEM,106
PIE,MKE,41
PIE,MLI,92
PIE,OGS,36
PIE,OMA,55
PIE,ORF,109
PIE,PIA,152
PIE,PIT,174
PIE,RDU,40
PIE,RFD,141
PIE,RIC,108
PIE,ROA,129
PIE,SBN,131
PIE,SCE,22
PIE,SDF,129
PIE,SGF,170
PIE,SWF,119
PIE,SYR,209
PIE,TOL,121
PIE,TRI,24
PIE,TUL,26
PIE,TVC,23
PIE,TYS,331
PIH,SLC,1090
PIR,ATY,150
PIR,DEN,507
PIT,ATL,3607
PIT,AUS,46
PIT,BNA,727
PIT,BOS,3352
PIT,BWI,957
PIT,CHS,94
PIT,CLT,3052
PIT,CRW,1
PIT,DAL,406
PIT,DCA,1381
PIT,DEN,1519
PIT,DFW,1514
PIT,DTW,1583
PIT,EWR,2790
PIT,FLL,900
PIT,HOU,411
PIT,IAD,1414
PIT,IAH,1861
PIT,JAX,112
PIT,JFK,1399
PIT,LAS,840
PIT,LAX,467
PIT,LGA,4500
PIT,MCO,1852
PIT,MDW,1604
PIT,MIA,1037
PIT,MSP,1318
PIT,MSY,79
PIT,MYR,265
PIT,ORD,3920
PIT,PBI,48
PIT,PGD,177
PIT,PHL,1908
PIT,PHX,850
PIT,PIE,174
PIT,RDU,542
PIT,RSW,575
PIT,SAN,1
PIT,SAV,115
PIT,SEA,365
PIT,SFB,133
PIT,SFO,579
PIT,SJU,6
PIT,SLC,341
PIT,SRQ,116
PIT,STL,394
PIT,TPA,991
PIT,TYS,26
PIT,VPS,52
PLN,APN,261
PLN,DTW,826
PNS,ATL,2803
PNS,AUS,8
PNS,BNA,736
PNS,CLT,1728
PNS,DAL,229
PNS,DCA,754
PNS,DEN,202
PNS,DFW,1750
PNS,EWR,95
PNS,HOU,364
PNS,IAH,1754
PNS,MCI,26
PNS,MDW,57
PNS,MIA,1100
PNS,ORD,404
PNS,PHL,576
PNS,STL,24
PPG,HNL,120
PRC,DEN,369
PRC,LAX,368
PSC,BLI,1
PSC,DEN,716
PSC,LAS,130
PSC,LAX,295
PSC,MSP,513
PSC,SEA,105
PSC,SFO,365
PSC,SLC,738
PSE,JFK,319
PSE,MCO,506
PSG,JNU,362
PSG,WRG,362
PSM,MCO,80
PSM,MYR,26
PSM,PGD,151
PSM,SAV,21
PSM,SFB,147
PSP,ATL,22
PSP,BLI,182
PSP,BOS,44
PSP,DEN,1393
PSP,DFW,819
PSP,EWR,123
PSP,IAH,480
PSP,JFK,197
PSP,LAX,374
PSP,MSP,131
PSP,ORD,725
PSP,PDX,507
PSP,PHX,1949
PSP,SEA,1297
PSP,SFO,2981
PSP,SLC,1008
PUB,DEN,625
PUB,LBL,312
PVD,ATL,1016
PVD,BWI,2124
PVD,CLT,1751
PVD,CVG,26
PVD,DCA,2932
PVD,DEN,74
PVD,DTW,977
PVD,EWR,473
PVD,FLL,808
PVD,IAD,591
PVD,MCO,2052
PVD,MDW,843
PVD,MIA,81
PVD,ORD,1409
PVD,PBI,317
PVD,PGD,101
PVD,PHL,1683
PVD,RDU,57
PVD,RSW,112
PVD,SAV,53
PVD,TPA,679
PVU,LAX,105
PVU,TUS,104
PWM,ATL,655
PWM,BWI,1281
PWM,CLT,819
PWM,DCA,1530
PWM,DEN,107
PWM,DTW,445
PWM,EWR,671
PWM,IAD,359
PWM,JFK,1281
PWM,LGA,1686
PWM,MCO,181
PWM,MDW,16
PWM,ORD,910
PWM,PHL,991
PWM,RDU,86
PWM,RSW,61
PWM,TPA,72
RAP,ATL,13
RAP,CLT,109
RAP,DEN,974
RAP,DFW,858
RAP,EWR,22
RAP,IAH,11
RAP,LAS,125
RAP,LAX,22
RAP,MSP,1542
RAP,ORD,548
RAP,PHX,115
RAP,SFO,22
RAP,SLC,493
RDD,ACV,1
RDD,LAX,299
RDD,SFO,1091
RDM,DEN,529
RDM,LAS,28
RDM,LAX,810
RDM,ORD,142
RDM,PHX,362
RDM,SEA,50
RDM,SFO,1558
RDM,SLC,482
RDU,ALB,85
RDU,ATL,5290
RDU,AUS,208
RDU,BDL,353
RDU,BNA,1195
RDU,BOS,3882
RDU,BUF,46
RDU,BWI,3012
RDU,CLE,164
RDU,CLT,3143
RDU,CMH,380
RDU,CVG,518
RDU,DAL,432
RDU,DCA,2385
RDU,DEN,1747
RDU,DFW,2007
RDU,DTW,1535
RDU,EWR,3063
RDU,FLL,1746
RDU,HOU,410
RDU,IAD,1431
RDU,IAH,1472
RDU,IND,372
RDU,ISP,85
RDU,JAX,147
RDU,JFK,3445
RDU,LAS,724
RDU,LAX,848
RDU,LGA,4853
RDU,MCI,328
RDU,MCO,2633
RDU,MDW,1244
RDU,MIA,1256
RDU,MKE,45
RDU,MSN,2
RDU,MSP,1203
RDU,MSY,440
RDU,ORD,3222
RDU,PBI,118
RDU,PGD,94
RDU,PHL,2845
RDU,PHX,577
RDU,PIE,40
RDU,PIT,542
RDU,PVD,57
RDU,PWM,85
RDU,RSW,45
RDU,SAN,90
RDU,SAT,3
RDU,SBN,1
RDU,SEA,713
RDU,SFB,84
RDU,SFO,939
RDU,SJC,9
RDU,SJU,158
RDU,SLC,316
RDU,STL,647
RDU,SYR,84
RDU,TPA,1186
RDU,TTN,172
RFD,LAS,104
RFD,PGD,162
RFD,PIE,141
RFD,SFB,153
RFD,SRQ,11
RFD,VPS,20
RHI,MSP,806
RIC,ATL,4258
RIC,BNA,105
RIC,BOS,2243
RIC,CLT,2925
RIC,DEN,722
RIC,DFW,924
RIC,DTW,980
RIC,EWR,919
RIC,FLL,942
RIC,IAD,557
RIC,IAH,598
RIC,JFK,1052
RIC,LGA,3093
RIC,MCO,982
RIC,MIA,700
RIC,MSP,687
RIC,ORD,2681
RIC,PHL,108
RIC,PIE,108
RIC,SFB,112
RIC,SRQ,71
RIC,TPA,41
RKS,DEN,735
RNO,ATL,26
RNO,DAL,35
RNO,DEN,1834
RNO,DFW,1019
RNO,EWR,1
RNO,IAH,321
RNO,JFK,262
RNO,LAS,3690
RNO,LAX,2253
RNO,LGB,365
RNO,MDW,221
RNO,MSP,25
RNO,OAK,686
RNO,ORD,534
RNO,PDX,502
RNO,PHX,2388
RNO,SAN,973
RNO,SEA,221
RNO,SFO,1639
RNO,SJC,1385
RNO,SLC,1642
ROA,ATL,1725
ROA,CLT,39
ROA,IAD,91
ROA,LGA,354
ROA,ORD,394
ROA,PIE,129
ROA,SFB,155
ROC,ATL,1027
ROC,BOS,359
ROC,BWI,1044
ROC,CLT,1385
ROC,DCA,798
ROC,DTW,1249
ROC,EWR,695
ROC,IAD,682
ROC,JFK,2162
ROC,LGA,1266
ROC,MCO,376
ROC,MSP,316
ROC,ORD,2595
ROC,PGD,43
ROC,PHL,259
ROC,RSW,3
ROC,SFB,104
ROC,TPA,225
RST,ATL,531
RST,MSP,1306
RST,ORD,1624
RSW,ACY,516
RSW,ALB,97
RSW,ATL,3578
RSW,BDL,624
RSW,BNA,123
RSW,BOS,2204
RSW,BUF,139
RSW,BWI,1633
RSW,CAK,87
RSW,CLE,831
RSW,CLT,1880
RSW,CMH,806
RSW,CVG,652
RSW,DAL,150
RSW,DCA,1002
RSW,DEN,625
RSW,DFW,1233
RSW,DTW,2103
RSW,EWR,2165
RSW,GRR,183
RSW,HPN,365
RSW,IAD,132
RSW,IAH,812
RSW,IND,873
RSW,ISP,99
RSW,JFK,1013
RSW,LAS,34
RSW,LBE,87
RSW,LGA,993
RSW,MCI,125
RSW,MDW,1275
RSW,MIA,159
RSW,MKE,532
RSW,MSP,1192
RSW,OMA,55
RSW,ORD,2635
RSW,PHL,1607
RSW,PHX,51
RSW,PIT,575
RSW,PVD,112
RSW,PWM,61
RSW,RDU,45
RSW,ROC,3
RSW,SLC,34
RSW,STL,682
RSW,SYR,78
RSW,TTN,219
SAF,DFW,1312
SAF,PHX,486
SAN,ABQ,967
SAN,ATL,2346
SAN,AUS,1502
SAN,BLI,77
SAN,BNA,680
SAN,BOI,729
SAN,BOS,1209
SAN,BWI,1200
SAN,CLE,71
SAN,CLT,1276
SAN,CVG,88
SAN,DAL,1693
SAN,DEN,4523
SAN,DFW,3276
SAN,DTW,1075
SAN,ELP,400
SAN,EUG,20
SAN,EWR,1538
SAN,FAT,1016
SAN,FLL,286
SAN,GEG,249
SAN,HDN,44
SAN,HNL,730
SAN,HOU,843
SAN,IAD,1022
SAN,IAH,2139
SAN,IND,74
SAN,JFK,1998
SAN,KOA,218
SAN,LAS,4968
SAN,LAX,2728
SAN,LIH,253
SAN,MCI,923
SAN,MCO,641
SAN,MDW,1356
SAN,MIA,355
SAN,MKE,34
SAN,MRY,365
SAN,MSP,1718
SAN,MSY,395
SAN,OAK,4023
SAN,OGG,730
SAN,OMA,499
SAN,ORD,3187
SAN,ORF,9
SAN,PDX,2195
SAN,PHL,802
SAN,PHX,5549
SAN,PIT,1
SAN,RDU,90
SAN,RNO,1021
SAN,SAT,726
SAN,SCK,52
SAN,SEA,4865
SAN,SFO,7552
SAN,SJC,6486
SAN,SLC,2635
SAN,SMF,5976
SAN,STL,759
SAN,STS,378
SAN,TPA,175
SAN,TUS,735
SAT,ABQ,4
SAT,ATL,3290
SAT,BNA,692
SAT,BWI,862
SAT,CLT,1495
SAT,COS,113
SAT,CVG,3
SAT,DAL,3307
SAT,DEN,2309
SAT,DFW,3851
SAT,DTW,904
SAT,ELP,709
SAT,EWR,716
SAT,FLL,361
SAT,HOU,1864
SAT,IAD,779
SAT,IAH,2884
SAT,JFK,640
SAT,LAS,1671
SAT,LAX,1771
SAT,LGA,4
SAT,MCI,338
SAT,MCO,761
SAT,MDW,730
SAT,MIA,404
SAT,MSP,906
SAT,MSY,580
SAT,OAK,251
SAT,ONT,78
SAT,ORD,1951
SAT,PHL,244
SAT,PHX,2453
SAT,RDU,3
SAT,SAN,756
SAT,SEA,532
SAT,SFB,49
SAT,SFO,369
SAT,SLC,967
SAT,SNA,51
SAT,STL,699
SAT,TPA,366
SAV,ABE,51
SAV,ALB,52
SAV,ATL,3375
SAV,BNA,26
SAV,BOS,568
SAV,BWI,116
SAV,CLE,172
SAV,CLT,3040
SAV,CVG,173
SAV,DCA,733
SAV,DEN,127
SAV,DFW,830
SAV,DTW,308
SAV,EWR,985
SAV,GRR,60
SAV,IAD,384
SAV,IAG,20
SAV,IAH,675
SAV,IND,56
SAV,JFK,1507
SAV,LCK,125
SAV,LGA,1038
SAV,MIA,729
SAV,MSP,42
SAV,ORD,1147
SAV,PHL,1063
SAV,PIT,115
SAV,PSM,21
SAV,PVD,53
SAV,SDF,49
SBA,DEN,1331
SBA,DFW,603
SBA,LAX,1135
SBA,PHX,1460
SBA,SEA,364
SBA,SFO,2078
SBA,SLC,397
SBN,ATL,1411
SBN,BOS,1
SBN,CLT,727
SBN,DCA,4
SBN,DFW,730
SBN,DTW,1543
SBN,EWR,105
SBN,LAS,104
SBN,LAX,1
SBN,MSP,666
SBN,ORD,1087
SBN,PGD,166
SBN,PIE,131
SBN,RDU,1
SBN,SFB,191
SBN,SRQ,11
SBP,DEN,812
SBP,DFW,287
SBP,LAX,1227
SBP,PHX,1424
SBP,SEA,63
SBP,SFO,1463
SCC,ANC,261
SCC,BRW,727
SCE,DTW,993
SCE,IAD,8
SCE,ORD,752
SCE,PIE,22
SCE,SFB,25
SCK,LAS,604
SCK,LAX,273
SCK,SAN,52
SDF,ATL,2801
SDF,BWI,1129
SDF,CLT,2680
SDF,DAL,360
SDF,DCA,1035
SDF,DEN,524
SDF,DFW,1981
SDF,DTW,1331
SDF,EWR,721
SDF,FLL,143
SDF,HOU,365
SDF,IAD,23
SDF,IAH,1230
SDF,LAS,419
SDF,LAX,251
SDF,LGA,1676
SDF,MCO,559
SDF,MDW,1132
SDF,MIA,740
SDF,MSP,953
SDF,MSY,46
SDF,MYR,20
SDF,ORD,1999
SDF,PGD,140
SDF,PHL,908
SDF,PHX,323
SDF,PIE,129
SDF,SAV,49
SDF,SFB,163
SDF,SFO,3
SDF,SRQ,11
SDF,TPA,406
SDF,VPS,89
SEA,ABQ,552
SEA,ANC,7222
SEA,ATL,3233
SEA,AUS,1120
SEA,BLI,136
SEA,BNA,981
SEA,BOI,2597
SEA,BOS,2298
SEA,BUR,1301
SEA,BWI,811
SEA,BZN,67
SEA,CHS,285
SEA,CLE,73
SEA,CLT,1128
SEA,CMH,300
SEA,CVG,255
SEA,DAL,761
SEA,DCA,727
SEA,DEN,6891
SEA,DFW,4125
SEA,DTW,2320
SEA,EUG,207
SEA,EWR,2045
SEA,FAI,1815
SEA,FAT,985
SEA,FLL,564
SEA,GEG,2500
SEA,HNL,2072
SEA,HOU,58
SEA,IAD,1885
SEA,IAH,2395
SEA,ICT,6
SEA,IND,675
SEA,JAC,37
SEA,JFK,3321
SEA,JNU,1391
SEA,KOA,1026
SEA,KTN,1367
SEA,LAS,7004
SEA,LAX,8640
SEA,LGB,655
SEA,LIH,974
SEA,MCI,911
SEA,MCO,1031
SEA,MDW,742
SEA,MFR,104
SEA,MIA,375
SEA,MKE,717
SEA,MSN,1
SEA,MSP,3044
SEA,MSY,572
SEA,OAK,3509
SEA,OGG,1506
SEA,OKC,57
SEA,OMA,365
SEA,ONT,935
SEA,ORD,5669
SEA,PDX,3017
SEA,PHL,1257
SEA,PHX,6198
SEA,PIT,365
SEA,PSC,107
SEA,PSP,1297
SEA,RDM,51
SEA,RDU,715
SEA,RNO,221
SEA,SAN,4865
SEA,SAT,533
SEA,SBA,364
SEA,SBP,63
SEA,SFO,9312
SEA,SIT,220
SEA,SJC,4872
SEA,SLC,4028
SEA,SMF,3928
SEA,SNA,2884
SEA,STL,1006
SEA,STS,85
SEA,TPA,446
SEA,TUS,680
SFB,ABE,510
SFB,ALB,161
SFB,ATW,137
SFB,AUS,67
SFB,AVL,473
SFB,BGR,223
SFB,BIS,69
SFB,BLV,153
SFB,BMI,130
SFB,BNA,67
SFB,CHA,124
SFB,CID,150
SFB,CKB,111
SFB,CLE,53
SFB,CVG,385
SFB,DAY,50
SFB,DSM,165
SFB,ELM,200
SFB,ELP,20
SFB,EVV,111
SFB,FAR,81
SFB,FNT,238
SFB,FSD,104
SFB,FWA,150
SFB,GFK,21
SFB,GPT,92
SFB,GRR,423
SFB,GSO,130
SFB,GSP,133
SFB,HGR,137
SFB,HTS,215
SFB,IAG,139
SFB,ICT,26
SFB,IND,255
SFB,LCK,176
SFB,LEX,270
SFB,LIT,106
SFB,MCI,26
SFB,MDT,326
SFB,MEM,124
SFB,MFE,81
SFB,MKE,45
SFB,MLI,102
SFB,OGS,78
SFB,OKC,67
SFB,OMA,104
SFB,ORF,111
SFB,OWB,102
SFB,PIA,72
SFB,PIT,134
SFB,PSM,147
SFB,RDU,84
SFB,RFD,153
SFB,RIC,111
SFB,ROA,155
SFB,ROC,104
SFB,SAT,49
SFB,SBN,191
SFB,SCE,25
SFB,SDF,163
SFB,SGF,176
SFB,SHV,36
SFB,SJU,124
SFB,SWF,93
SFB,SYR,135
SFB,TOL,116
SFB,TRI,130
SFB,TUL,128
SFB,TVC,22
SFB,TYS,512
SFB,XNA,160
SFO,ABQ,903
SFO,ACV,1229
SFO,ANC,89
SFO,ASE,320
SFO,ATL,3405
SFO,AUS,2480
SFO,BFL,365
SFO,BHM,2
SFO,BNA,969
SFO,BOI,1836
SFO,BOS,5048
SFO,BUR,3679
SFO,BWI,885
SFO,BZN,402
SFO,CLE,631
SFO,CLT,1667
SFO,CMH,190
SFO,CVG,731
SFO,DAL,1493
SFO,DCA,728
SFO,DEN,5675
SFO,DFW,4627
SFO,DTW,1800
SFO,EGE,102
SFO,EUG,1462
SFO,EWR,5803
SFO,FAI,32
SFO,FAT,1435
SFO,FCA,105
SFO,FLL,1195
SFO,GEG,788
SFO,GRB,1
SFO,GSP,1
SFO,HDN,15
SFO,HNL,2568
SFO,IAD,3276
SFO,IAH,3299
SFO,IND,444
SFO,JAC,254
SFO,JFK,7621
SFO,KOA,1234
SFO,LAS,7809
SFO,LAX,14614
SFO,LGB,702
SFO,LIH,692
SFO,MCI,898
SFO,MCO,1342
SFO,MDW,630
SFO,MFR,1452
SFO,MIA,1360
SFO,MKE,58
SFO,MMH,102
SFO,MRY,722
SFO,MSN,397
SFO,MSO,121
SFO,MSP,2531
SFO,MSY,809
SFO,MTJ,53
SFO,OGG,2293
SFO,OKC,364
SFO,OMA,544
SFO,ONT,2486
SFO,ORD,6341
SFO,OTH,349
SFO,PAE,1077
SFO,PDX,5085
SFO,PHL,2351
SFO,PHX,4912
SFO,PIT,580
SFO,PSC,366
SFO,PSP,2980
SFO,RAP,22
SFO,RDD,1091
SFO,RDM,1557
SFO,RDU,938
SFO,RNO,1639
SFO,SAN,7596
SFO,SAT,369
SFO,SBA,2080
SFO,SBP,1464
SFO,SDF,3
SFO,SEA,9307
SFO,SLC,3666
SFO,SMF,1723
SFO,SNA,3150
SFO,STL,884
SFO,STS,364
SFO,SUN,176
SFO,TPA,513
SFO,TUS,1220
SFO,XNA,347
SGF,ATL,1471
SGF,CLT,1285
SGF,DEN,94
SGF,DFW,2618
SGF,IAH,688
SGF,LAS,119
SGF,LAX,100
SGF,ORD,1662
SGF,PIE,170
SGF,SFB,176
SGF,VPS,89
SGU,DEN,556
SGU,DFW,97
SGU,LAX,262
SGU,PHX,719
SGU,SLC,935
SHD,IAD,390
SHD,ORD,318
SHV,ATL,2146
SHV,CLT,725
SHV,DEN,365
SHV,DFW,2290
SHV,IAH,1384
SHV,LAS,116
SHV,SFB,36
SHV,VPS,33
SIT,JNU,664
SIT,KTN,365
SIT,SEA,316
SJC,ABQ,174
SJC,ATL,990
SJC,AUS,1535
SJC,BHM,2
SJC,BNA,180
SJC,BOI,849
SJC,BOS,300
SJC,BUR,4513
SJC,BWI,287
SJC,DAL,1356
SJC,DEN,2739
SJC,DFW,1343
SJC,DTW,281
SJC,ELP,48
SJC,EUG,1
SJC,EWR,312
SJC,GEG,292
SJC,GSP,2
SJC,HNL,859
SJC,HOU,360
SJC,IAH,556
SJC,JFK,1027
SJC,KOA,235
SJC,LAS,3805
SJC,LAX,5170
SJC,LGB,1742
SJC,LIH,298
SJC,MCI,18
SJC,MCO,189
SJC,MDW,570
SJC,MSP,647
SJC,MSY,27
SJC,OGG,914
SJC,ONT,1620
SJC,ORD,1102
SJC,PDX,3585
SJC,PHX,3934
SJC,PSP,35
SJC,RDU,9
SJC,RNO,1358
SJC,SAN,6487
SJC,SEA,4898
SJC,SLC,2077
SJC,SNA,5187
SJC,STL,357
SJC,TUS,676
SJT,DFW,1881
SJU,ATL,1446
SJU,BDL,660
SJU,BOS,1110
SJU,BWI,950
SJU,CLT,651
SJU,CVG,17
SJU,DCA,365
SJU,DFW,383
SJU,DTW,11
SJU,EWR,1454
SJU,FLL,3482
SJU,HOU,150
SJU,IAD,300
SJU,IAH,657
SJU,JFK,3105
SJU,MCO,5248
SJU,MDW,202
SJU,MIA,2073
SJU,MSP,21
SJU,ORD,740
SJU,PHL,1329
SJU,PIT,6
SJU,RDU,158
SJU,SFB,124
SJU,STT,726
SJU,STX,7
SJU,TPA,1453
SLC,ABQ,442
SLC,ANC,72
SLC,ASE,618
SLC,ATL,3099
SLC,AUS,1158
SLC,BIL,1082
SLC,BNA,482
SLC,BOI,2005
SLC,BOS,1147
SLC,BTM,677
SLC,BUR,1379
SLC,BWI,909
SLC,BZN,1343
SLC,CDC,763
SLC,CLE,247
SLC,CLT,697
SLC,CMH,172
SLC,COD,183
SLC,COS,812
SLC,CPR,729
SLC,CVG,581
SLC,DAL,390
SLC,DCA,363
SLC,DEN,7031
SLC,DFW,3844
SLC,DSM,347
SLC,DTW,1477
SLC,EGE,10
SLC,EKO,676
SLC,ELP,135
SLC,EUG,347
SLC,EWR,838
SLC,FAT,1038
SLC,FCA,1134
SLC,FLL,722
SLC,GEG,1334
SLC,GJT,1093
SLC,GTF,990
SLC,HLN,1016
SLC,HNL,348
SLC,HOU,63
SLC,IAD,308
SLC,IAH,2578
SLC,IDA,1377
SLC,IND,315
SLC,JAC,1169
SLC,JFK,2376
SLC,LAS,3526
SLC,LAX,5522
SLC,LGB,2327
SLC,LWS,990
SLC,MCI,1000
SLC,MCO,1305
SLC,MDW,730
SLC,MFR,203
SLC,MKE,243
SLC,MSN,302
SLC,MSO,1095
SLC,MSP,1959
SLC,MSY,336
SLC,MTJ,10
SLC,OAK,2688
SLC,OGG,71
SLC,OKC,749
SLC,OMA,773
SLC,ONT,1014
SLC,ORD,3345
SLC,PDX,2774
SLC,PHL,492
SLC,PHX,4308
SLC,PIH,1090
SLC,PIT,341
SLC,PSC,737
SLC,PSP,1008
SLC,RAP,492
SLC,RDM,482
SLC,RDU,316
SLC,RNO,1642
SLC,RSW,34
SLC,SAN,2635
SLC,SAT,967
SLC,SBA,398
SLC,SEA,4008
SLC,SFO,3668
SLC,SGU,935
SLC,SJC,2096
SLC,SMF,1829
SLC,SNA,1727
SLC,STL,860
SLC,SUN,993
SLC,TPA,294
SLC,TUL,571
SLC,TUS,1024
SLC,TWF,1040
SLC,VEL,1
SLC,WYS,264
SLN,HYS,625
SLN,ORD,313
SMF,ATL,995
SMF,AUS,343
SMF,BNA,30
SMF,BOI,411
SMF,BOS,99
SMF,BUR,3343
SMF,BWI,301
SMF,CLT,354
SMF,DAL,374
SMF,DEN,3262
SMF,DFW,1688
SMF,DTW,152
SMF,EWR,257
SMF,GEG,403
SMF,HNL,417
SMF,HOU,42
SMF,IAD,340
SMF,IAH,788
SMF,JFK,354
SMF,KOA,157
SMF,LAS,3646
SMF,LAX,4768
SMF,LGB,2156
SMF,MCO,195
SMF,MDW,409
SMF,MSP,591
SMF,MSY,14
SMF,OGG,639
SMF,ONT,2374
SMF,ORD,1149
SMF,PDX,1900
SMF,PHX,3636
SMF,SAN,5972
SMF,SEA,3860
SMF,SFO,1723
SMF,SLC,1827
SMF,SNA,2153
SMF,STL,360
SMX,LAS,193
SNA,ATL,1121
SNA,AUS,181
SNA,DAL,313
SNA,DEN,3319
SNA,DFW,3061
SNA,DTW,294
SNA,EWR,1014
SNA,HOU,309
SNA,IAH,1350
SNA,JFK,4
SNA,LAS,3270
SNA,MSP,965
SNA,OAK,2493
SNA,ORD,2415
SNA,PDX,1452
SNA,PHX,4111
SNA,SAT,51
SNA,SEA,2884
SNA,SFO,3153
SNA,SJC,5123
SNA,SLC,1727
SNA,SMF,2144
SPI,DFW,695
SPI,ORD,996
SPI,PGD,107
SPN,GUM,473
SPS,DFW,1258
SRQ,ATL,2326
SRQ,AVL,90
SRQ,BLV,14
SRQ,BNA,78
SRQ,BOS,306
SRQ,BWI,90
SRQ,CLE,190
SRQ,CLT,1425
SRQ,CVG,194
SRQ,DCA,366
SRQ,DEN,4
SRQ,DFW,234
SRQ,DSM,11
SRQ,DTW,63
SRQ,EWR,659
SRQ,FNT,12
SRQ,FWA,12
SRQ,GRR,80
SRQ,IAD,131
SRQ,IND,126
SRQ,JFK,391
SRQ,LCK,79
SRQ,LGA,362
SRQ,MDT,78
SRQ,ORD,614
SRQ,PHL,153
SRQ,PIT,116
SRQ,RFD,11
SRQ,RIC,71
SRQ,SBN,11
SRQ,SDF,11
SRQ,SYR,78
SRQ,TTN,27
SRQ,TYS,13
STC,PGD,32
STL,ATL,4140
STL,AUS,682
STL,BDL,361
STL,BNA,1039
STL,BOS,1168
STL,BWI,1378
STL,CHS,30
STL,CLE,813
STL,CLT,2167
STL,CMH,726
STL,CVG,180
STL,DAL,2117
STL,DCA,2887
STL,DEN,2941
STL,DFW,2751
STL,DSM,679
STL,DTW,1336
STL,EWR,1865
STL,FLL,859
STL,HOU,1445
STL,IAD,107
STL,IAH,1760
STL,ICT,678
STL,JAX,34
STL,LAS,1568
STL,LAX,1706
STL,LGA,4082
STL,LIT,640
STL,MCI,1164
STL,MCO,1989
STL,MDW,2417
STL,MIA,800
STL,MKE,613
STL,MSP,2667
STL,MSY,703
STL,OAK,302
STL,OKC,684
STL,OMA,963
STL,ORD,2921
STL,PBI,49
STL,PDX,352
STL,PHL,2392
STL,PHX,1899
STL,PIT,392
STL,PNS,24
STL,RDU,651
STL,RSW,642
STL,SAN,752
STL,SAT,700
STL,SEA,1006
STL,SFO,903
STL,SJC,338
STL,SLC,879
STL,SMF,361
STL,TPA,831
STL,TUL,673
STS,DEN,298
STS,DFW,207
STS,LAX,967
STS,PDX,82
STS,PHX,351
STS,SAN,378
STS,SEA,84
STS,SFO,364
STT,ATL,457
STT,BOS,28
STT,CLT,280
STT,DFW,2
STT,EWR,203
STT,FLL,344
STT,IAD,220
STT,IAH,85
STT,JFK,317
STT,MCO,157
STT,MIA,675
STT,ORD,28
STT,PHL,167
STT,SJU,790
STX,ATL,74
STX,CLT,45
STX,FLL,139
STX,MIA,629
STX,SJU,7
SUN,DEN,177
SUN,LAX,202
SUN,ORD,21
SUN,SFO,174
SUN,SLC,993
SUX,DFW,371
SUX,ORD,974
SWF,DTW,668
SWF,FLL,365
SWF,MCO,361
SWF,MYR,50
SWF,PGD,97
SWF,PIE,119
SWF,SFB,93
SWO,DFW,878
SYR,ATL,1038
SYR,BNA,99
SYR,BOS,365
SYR,CLT,1352
SYR,DCA,869
SYR,DEN,321
SYR,DTW,1025
SYR,EWR,547
SYR,FLL,238
SYR,IAD,731
SYR,JFK,1793
SYR,LGA,943
SYR,MCO,546
SYR,MSP,243
SYR,MYR,37
SYR,ORD,2791
SYR,PGD,46
SYR,PHL,514
SYR,PIE,209
SYR,RDU,84
SYR,RSW,78
SYR,SFB,135
SYR,SRQ,78
SYR,TPA,72
TLH,ATL,2493
TLH,CLT,1454
TLH,DCA,365
TLH,DFW,940
TLH,MIA,1323
TOL,CLT,701
TOL,ORD,1009
TOL,PGD,127
TOL,PIE,121
TOL,SFB,117
TOL,VPS,20
TPA,ACY,364
TPA,ALB,349
TPA,ATL,7232
TPA,AUS,605
TPA,AVL,121
TPA,BDL,1231
TPA,BHM,556
TPA,BNA,1582
TPA,BOS,2684
TPA,BUF,759
TPA,BWI,3011
TPA,CAK,65
TPA,CLE,766
TPA,CLT,3296
TPA,CMH,1102
TPA,CVG,604
TPA,DAL,1093
TPA,DCA,2212
TPA,DEN,2392
TPA,DFW,2737
TPA,DTW,2207
TPA,EWR,2918
TPA,FLL,2108
TPA,GRR,118
TPA,GSO,121
TPA,GSP,34
TPA,HOU,1051
TPA,HPN,365
TPA,IAD,1087
TPA,IAH,2080
TPA,IND,979
TPA,ISP,659
TPA,JFK,2644
TPA,LAS,1200
TPA,LAX,604
TPA,LBE,65
TPA,LGA,2019
TPA,MCI,523
TPA,MDW,1712
TPA,MEM,365
TPA,MHT,431
TPA,MIA,2181
TPA,MKE,616
TPA,MSP,1139
TPA,MSY,1426
TPA,ORD,2985
TPA,ORF,34
TPA,PHL,2974
TPA,PHX,1192
TPA,PIT,997
TPA,PVD,629
TPA,PWM,72
TPA,RDU,1192
TPA,RIC,41
TPA,ROC,225
TPA,SAN,175
TPA,SAT,371
TPA,SDF,407
TPA,SEA,446
TPA,SFO,514
TPA,SJU,1468
TPA,SLC,294
TPA,STL,836
TPA,SYR,72
TPA,TTN,262
TRI,ATL,2104
TRI,CLT,456
TRI,DFW,240
TRI,PIE,24
TRI,SFB,130
TTN,ATL,314
TTN,BNA,104
TTN,CHS,112
TTN,CLT,191
TTN,DTW,81
TTN,FLL,229
TTN,JAX,135
TTN,MCO,485
TTN,MSP,113
TTN,MYR,96
TTN,ORD,198
TTN,PBI,273
TTN,RDU,172
TTN,RSW,219
TTN,SRQ,27
TTN,TPA,261
TUL,ATL,1628
TUL,CLT,751
TUL,DAL,1274
TUL,DEN,1747
TUL,DFW,3174
TUL,HOU,938
TUL,IAH,2554
TUL,LAS,529
TUL,LAX,107
TUL,MCO,28
TUL,MSP,496
TUL,ORD,1833
TUL,PHX,601
TUL,PIE,26
TUL,SFB,128
TUL,SLC,571
TUL,STL,674
TUL,VPS,26
TUS,ATL,684
TUS,BLI,57
TUS,CLT,38
TUS,DAL,21
TUS,DEN,2250
TUS,DFW,2387
TUS,DTW,1
TUS,HOU,4
TUS,IAH,1145
TUS,IND,16
TUS,LAS,1125
TUS,LAX,2684
TUS,MDW,370
TUS,MSP,166
TUS,OAK,11
TUS,ORD,1003
TUS,PDX,321
TUS,PHX,2608
TUS,PVU,104
TUS,SAN,717
TUS,SEA,680
TUS,SFO,1221
TUS,SJC,671
TUS,SLC,1024
TVC,ATL,50
TVC,CLT,13
TVC,DEN,32
TVC,DFW,130
TVC,DTW,1547
TVC,EWR,97
TVC,IAD,11
TVC,LGA,72
TVC,MSP,423
TVC,ORD,1875
TVC,PGD,22
TVC,PIE,23
TVC,SFB,22
TWF,DEN,29
TWF,LAX,35
TWF,ORD,4
TWF,SFO,26
TWF,SLC,1138
TWF,SUN,2
TXK,DFW,1242
TYR,DEN,72
TYR,DFW,1496
TYS,ATL,3038
TYS,BWI,26
TYS,CLT,1758
TYS,DCA,1025
TYS,DEN,220
TYS,DFW,1613
TYS,DTW,1473
TYS,EWR,565
TYS,FLL,301
TYS,IAD,416
TYS,IAH,1269
TYS,LAS,106
TYS,LGA,1420
TYS,MCO,29
TYS,MIA,729
TYS,MSP,350
TYS,ORD,1834
TYS,PBI,14
TYS,PGD,164
TYS,PHL,730
TYS,PIE,331
TYS,PIT,26
TYS,SFB,512
TYS,SRQ,13
TYS,VPS,71
UIN,CGI,5
UIN,ORD,626
VEL,DEN,626
VLD,ATL,1035
VPS,ATL,2353
VPS,AUS,30
VPS,BLV,296
VPS,BWI,58
VPS,CLE,26
VPS,CLT,1463
VPS,CVG,328
VPS,DCA,394
VPS,DEN,11
VPS,DFW,1651
VPS,DSM,26
VPS,EVV,24
VPS,EWR,105
VPS,HTS,25
VPS,IAH,937
VPS,ICT,30
VPS,IND,38
VPS,LCK,48
VPS,LEX,20
VPS,LIT,32
VPS,MCI,57
VPS,MEM,32
VPS,OKC,130
VPS,OMA,29
VPS,ORD,26
VPS,PIA,32
VPS,PIT,52
VPS,RFD,20
VPS,SDF,89
VPS,SGF,89
VPS,SHV,33
VPS,SRQ,1
VPS,TOL,20
VPS,TUL,25
VPS,TYS,71
VPS,XNA,139
WRG,KTN,362
WRG,PSG,362
WYS,SLC,264
XNA,ATL,1948
XNA,BNA,20
XNA,CLT,1346
XNA,DCA,333
XNA,DEN,715
XNA,DFW,3130
XNA,EWR,310
XNA,IAH,1514
XNA,LAS,118
XNA,LAX,20
XNA,LGA,887
XNA,MIA,13
XNA,MSP,548
XNA,ORD,2454
XNA,PHL,116
XNA,SFB,160
XNA,SFO,348
XNA,VPS,139
YAK,CDV,361
YAK,JNU,361
YUM,DFW,331
YUM,PHX,1588
